[{"model": "auth.permission", "pk": 1, "fields": {"name": "Can add log entry", "content_type": 1, "codename": "add_logentry"}}, {"model": "auth.permission", "pk": 2, "fields": {"name": "Can change log entry", "content_type": 1, "codename": "change_logentry"}}, {"model": "auth.permission", "pk": 3, "fields": {"name": "Can delete log entry", "content_type": 1, "codename": "delete_logentry"}}, {"model": "auth.permission", "pk": 4, "fields": {"name": "Can view log entry", "content_type": 1, "codename": "view_logentry"}}, {"model": "auth.permission", "pk": 5, "fields": {"name": "Can add permission", "content_type": 2, "codename": "add_permission"}}, {"model": "auth.permission", "pk": 6, "fields": {"name": "Can change permission", "content_type": 2, "codename": "change_permission"}}, {"model": "auth.permission", "pk": 7, "fields": {"name": "Can delete permission", "content_type": 2, "codename": "delete_permission"}}, {"model": "auth.permission", "pk": 8, "fields": {"name": "Can view permission", "content_type": 2, "codename": "view_permission"}}, {"model": "auth.permission", "pk": 9, "fields": {"name": "Can add group", "content_type": 3, "codename": "add_group"}}, {"model": "auth.permission", "pk": 10, "fields": {"name": "Can change group", "content_type": 3, "codename": "change_group"}}, {"model": "auth.permission", "pk": 11, "fields": {"name": "Can delete group", "content_type": 3, "codename": "delete_group"}}, {"model": "auth.permission", "pk": 12, "fields": {"name": "Can view group", "content_type": 3, "codename": "view_group"}}, {"model": "auth.permission", "pk": 13, "fields": {"name": "Can add user", "content_type": 4, "codename": "add_user"}}, {"model": "auth.permission", "pk": 14, "fields": {"name": "Can change user", "content_type": 4, "codename": "change_user"}}, {"model": "auth.permission", "pk": 15, "fields": {"name": "Can delete user", "content_type": 4, "codename": "delete_user"}}, {"model": "auth.permission", "pk": 16, "fields": {"name": "Can view user", "content_type": 4, "codename": "view_user"}}, {"model": "auth.permission", "pk": 17, "fields": {"name": "Can add content type", "content_type": 5, "codename": "add_contenttype"}}, {"model": "auth.permission", "pk": 18, "fields": {"name": "Can change content type", "content_type": 5, "codename": "change_contenttype"}}, {"model": "auth.permission", "pk": 19, "fields": {"name": "Can delete content type", "content_type": 5, "codename": "delete_contenttype"}}, {"model": "auth.permission", "pk": 20, "fields": {"name": "Can view content type", "content_type": 5, "codename": "view_contenttype"}}, {"model": "auth.permission", "pk": 21, "fields": {"name": "Can add session", "content_type": 6, "codename": "add_session"}}, {"model": "auth.permission", "pk": 22, "fields": {"name": "Can change session", "content_type": 6, "codename": "change_session"}}, {"model": "auth.permission", "pk": 23, "fields": {"name": "Can delete session", "content_type": 6, "codename": "delete_session"}}, {"model": "auth.permission", "pk": 24, "fields": {"name": "Can view session", "content_type": 6, "codename": "view_session"}}, {"model": "auth.permission", "pk": 25, "fields": {"name": "Can add paper", "content_type": 7, "codename": "add_paper"}}, {"model": "auth.permission", "pk": 26, "fields": {"name": "Can change paper", "content_type": 7, "codename": "change_paper"}}, {"model": "auth.permission", "pk": 27, "fields": {"name": "Can delete paper", "content_type": 7, "codename": "delete_paper"}}, {"model": "auth.permission", "pk": 28, "fields": {"name": "Can view paper", "content_type": 7, "codename": "view_paper"}}, {"model": "auth.permission", "pk": 29, "fields": {"name": "Can add paper_ format", "content_type": 8, "codename": "add_paper_format"}}, {"model": "auth.permission", "pk": 30, "fields": {"name": "Can change paper_ format", "content_type": 8, "codename": "change_paper_format"}}, {"model": "auth.permission", "pk": 31, "fields": {"name": "Can delete paper_ format", "content_type": 8, "codename": "delete_paper_format"}}, {"model": "auth.permission", "pk": 32, "fields": {"name": "Can view paper_ format", "content_type": 8, "codename": "view_paper_format"}}, {"model": "auth.permission", "pk": 33, "fields": {"name": "Can add paper_ grammage", "content_type": 9, "codename": "add_paper_grammage"}}, {"model": "auth.permission", "pk": 34, "fields": {"name": "Can change paper_ grammage", "content_type": 9, "codename": "change_paper_grammage"}}, {"model": "auth.permission", "pk": 35, "fields": {"name": "Can delete paper_ grammage", "content_type": 9, "codename": "delete_paper_grammage"}}, {"model": "auth.permission", "pk": 36, "fields": {"name": "Can view paper_ grammage", "content_type": 9, "codename": "view_paper_grammage"}}, {"model": "auth.permission", "pk": 37, "fields": {"name": "Can add paper_ producer", "content_type": 10, "codename": "add_paper_producer"}}, {"model": "auth.permission", "pk": 38, "fields": {"name": "Can change paper_ producer", "content_type": 10, "codename": "change_paper_producer"}}, {"model": "auth.permission", "pk": 39, "fields": {"name": "Can delete paper_ producer", "content_type": 10, "codename": "delete_paper_producer"}}, {"model": "auth.permission", "pk": 40, "fields": {"name": "Can view paper_ producer", "content_type": 10, "codename": "view_paper_producer"}}, {"model": "auth.permission", "pk": 41, "fields": {"name": "Can add paper_ type", "content_type": 11, "codename": "add_paper_type"}}, {"model": "auth.permission", "pk": 42, "fields": {"name": "Can change paper_ type", "content_type": 11, "codename": "change_paper_type"}}, {"model": "auth.permission", "pk": 43, "fields": {"name": "Can delete paper_ type", "content_type": 11, "codename": "delete_paper_type"}}, {"model": "auth.permission", "pk": 44, "fields": {"name": "Can view paper_ type", "content_type": 11, "codename": "view_paper_type"}}, {"model": "auth.permission", "pk": 45, "fields": {"name": "Can add roll", "content_type": 12, "codename": "add_roll"}}, {"model": "auth.permission", "pk": 46, "fields": {"name": "Can change roll", "content_type": 12, "codename": "change_roll"}}, {"model": "auth.permission", "pk": 47, "fields": {"name": "Can delete roll", "content_type": 12, "codename": "delete_roll"}}, {"model": "auth.permission", "pk": 48, "fields": {"name": "Can view roll", "content_type": 12, "codename": "view_roll"}}, {"model": "auth.permission", "pk": 49, "fields": {"name": "Can add roll_ return", "content_type": 13, "codename": "add_roll_return"}}, {"model": "auth.permission", "pk": 50, "fields": {"name": "Can change roll_ return", "content_type": 13, "codename": "change_roll_return"}}, {"model": "auth.permission", "pk": 51, "fields": {"name": "Can delete roll_ return", "content_type": 13, "codename": "delete_roll_return"}}, {"model": "auth.permission", "pk": 52, "fields": {"name": "Can view roll_ return", "content_type": 13, "codename": "view_roll_return"}}, {"model": "auth.permission", "pk": 53, "fields": {"name": "Can add roll_ incoming", "content_type": 14, "codename": "add_roll_incoming"}}, {"model": "auth.permission", "pk": 54, "fields": {"name": "Can change roll_ incoming", "content_type": 14, "codename": "change_roll_incoming"}}, {"model": "auth.permission", "pk": 55, "fields": {"name": "Can delete roll_ incoming", "content_type": 14, "codename": "delete_roll_incoming"}}, {"model": "auth.permission", "pk": 56, "fields": {"name": "Can view roll_ incoming", "content_type": 14, "codename": "view_roll_incoming"}}, {"model": "auth.permission", "pk": 57, "fields": {"name": "Can add roll_ consumption", "content_type": 15, "codename": "add_roll_consumption"}}, {"model": "auth.permission", "pk": 58, "fields": {"name": "Can change roll_ consumption", "content_type": 15, "codename": "change_roll_consumption"}}, {"model": "auth.permission", "pk": 59, "fields": {"name": "Can delete roll_ consumption", "content_type": 15, "codename": "delete_roll_consumption"}}, {"model": "auth.permission", "pk": 60, "fields": {"name": "Can view roll_ consumption", "content_type": 15, "codename": "view_roll_consumption"}}, {"model": "auth.permission", "pk": 61, "fields": {"name": "Can add auth token", "content_type": 16, "codename": "add_authtoken"}}, {"model": "auth.permission", "pk": 62, "fields": {"name": "Can change auth token", "content_type": 16, "codename": "change_authtoken"}}, {"model": "auth.permission", "pk": 63, "fields": {"name": "Can delete auth token", "content_type": 16, "codename": "delete_authtoken"}}, {"model": "auth.permission", "pk": 64, "fields": {"name": "Can view auth token", "content_type": 16, "codename": "view_authtoken"}}, {"model": "auth.permission", "pk": 65, "fields": {"name": "Can add paper", "content_type": 11, "codename": "add_paper"}}, {"model": "auth.permission", "pk": 66, "fields": {"name": "Can change paper", "content_type": 11, "codename": "change_paper"}}, {"model": "auth.permission", "pk": 67, "fields": {"name": "Can delete paper", "content_type": 11, "codename": "delete_paper"}}, {"model": "auth.permission", "pk": 68, "fields": {"name": "Can view paper", "content_type": 11, "codename": "view_paper"}}, {"model": "auth.permission", "pk": 69, "fields": {"name": "Can add paper_ format", "content_type": 9, "codename": "add_paper_format"}}, {"model": "auth.permission", "pk": 70, "fields": {"name": "Can change paper_ format", "content_type": 9, "codename": "change_paper_format"}}, {"model": "auth.permission", "pk": 71, "fields": {"name": "Can delete paper_ format", "content_type": 9, "codename": "delete_paper_format"}}, {"model": "auth.permission", "pk": 72, "fields": {"name": "Can view paper_ format", "content_type": 9, "codename": "view_paper_format"}}, {"model": "auth.permission", "pk": 73, "fields": {"name": "Can add paper_ grammage", "content_type": 10, "codename": "add_paper_grammage"}}, {"model": "auth.permission", "pk": 74, "fields": {"name": "Can change paper_ grammage", "content_type": 10, "codename": "change_paper_grammage"}}, {"model": "auth.permission", "pk": 75, "fields": {"name": "Can delete paper_ grammage", "content_type": 10, "codename": "delete_paper_grammage"}}, {"model": "auth.permission", "pk": 76, "fields": {"name": "Can view paper_ grammage", "content_type": 10, "codename": "view_paper_grammage"}}, {"model": "auth.permission", "pk": 77, "fields": {"name": "Can add paper_ producer", "content_type": 7, "codename": "add_paper_producer"}}, {"model": "auth.permission", "pk": 78, "fields": {"name": "Can change paper_ producer", "content_type": 7, "codename": "change_paper_producer"}}, {"model": "auth.permission", "pk": 79, "fields": {"name": "Can delete paper_ producer", "content_type": 7, "codename": "delete_paper_producer"}}, {"model": "auth.permission", "pk": 80, "fields": {"name": "Can view paper_ producer", "content_type": 7, "codename": "view_paper_producer"}}, {"model": "auth.permission", "pk": 81, "fields": {"name": "Can add paper_ type", "content_type": 8, "codename": "add_paper_type"}}, {"model": "auth.permission", "pk": 82, "fields": {"name": "Can change paper_ type", "content_type": 8, "codename": "change_paper_type"}}, {"model": "auth.permission", "pk": 83, "fields": {"name": "Can delete paper_ type", "content_type": 8, "codename": "delete_paper_type"}}, {"model": "auth.permission", "pk": 84, "fields": {"name": "Can view paper_ type", "content_type": 8, "codename": "view_paper_type"}}, {"model": "auth.permission", "pk": 85, "fields": {"name": "Can add roll_ return", "content_type": 15, "codename": "add_roll_return"}}, {"model": "auth.permission", "pk": 86, "fields": {"name": "Can change roll_ return", "content_type": 15, "codename": "change_roll_return"}}, {"model": "auth.permission", "pk": 87, "fields": {"name": "Can delete roll_ return", "content_type": 15, "codename": "delete_roll_return"}}, {"model": "auth.permission", "pk": 88, "fields": {"name": "Can view roll_ return", "content_type": 15, "codename": "view_roll_return"}}, {"model": "auth.permission", "pk": 89, "fields": {"name": "Can add roll_ consumption", "content_type": 13, "codename": "add_roll_consumption"}}, {"model": "auth.permission", "pk": 90, "fields": {"name": "Can change roll_ consumption", "content_type": 13, "codename": "change_roll_consumption"}}, {"model": "auth.permission", "pk": 91, "fields": {"name": "Can delete roll_ consumption", "content_type": 13, "codename": "delete_roll_consumption"}}, {"model": "auth.permission", "pk": 92, "fields": {"name": "Can view roll_ consumption", "content_type": 13, "codename": "view_roll_consumption"}}, {"model": "auth.permission", "pk": 93, "fields": {"name": "Can add Token", "content_type": 17, "codename": "add_token"}}, {"model": "auth.permission", "pk": 94, "fields": {"name": "Can change Token", "content_type": 17, "codename": "change_token"}}, {"model": "auth.permission", "pk": 95, "fields": {"name": "Can delete Token", "content_type": 17, "codename": "delete_token"}}, {"model": "auth.permission", "pk": 96, "fields": {"name": "Can view Token", "content_type": 17, "codename": "view_token"}}, {"model": "auth.permission", "pk": 97, "fields": {"name": "Can add contract", "content_type": 18, "codename": "add_contract"}}, {"model": "auth.permission", "pk": 98, "fields": {"name": "Can change contract", "content_type": 18, "codename": "change_contract"}}, {"model": "auth.permission", "pk": 99, "fields": {"name": "Can delete contract", "content_type": 18, "codename": "delete_contract"}}, {"model": "auth.permission", "pk": 100, "fields": {"name": "Can view contract", "content_type": 18, "codename": "view_contract"}}, {"model": "auth.permission", "pk": 101, "fields": {"name": "Can add order", "content_type": 19, "codename": "add_order"}}, {"model": "auth.permission", "pk": 102, "fields": {"name": "Can change order", "content_type": 19, "codename": "change_order"}}, {"model": "auth.permission", "pk": 103, "fields": {"name": "Can delete order", "content_type": 19, "codename": "delete_order"}}, {"model": "auth.permission", "pk": 104, "fields": {"name": "Can view order", "content_type": 19, "codename": "view_order"}}, {"model": "auth.permission", "pk": 105, "fields": {"name": "Can add box", "content_type": 20, "codename": "add_box"}}, {"model": "auth.permission", "pk": 106, "fields": {"name": "Can change box", "content_type": 20, "codename": "change_box"}}, {"model": "auth.permission", "pk": 107, "fields": {"name": "Can delete box", "content_type": 20, "codename": "delete_box"}}, {"model": "auth.permission", "pk": 108, "fields": {"name": "Can view box", "content_type": 20, "codename": "view_box"}}, {"model": "auth.permission", "pk": 109, "fields": {"name": "Can add customer", "content_type": 21, "codename": "add_customer"}}, {"model": "auth.permission", "pk": 110, "fields": {"name": "Can change customer", "content_type": 21, "codename": "change_customer"}}, {"model": "auth.permission", "pk": 111, "fields": {"name": "Can delete customer", "content_type": 21, "codename": "delete_customer"}}, {"model": "auth.permission", "pk": 112, "fields": {"name": "Can view customer", "content_type": 21, "codename": "view_customer"}}, {"model": "auth.permission", "pk": 113, "fields": {"name": "Can add order delivery", "content_type": 22, "codename": "add_orderdelivery"}}, {"model": "auth.permission", "pk": 114, "fields": {"name": "Can change order delivery", "content_type": 22, "codename": "change_orderdelivery"}}, {"model": "auth.permission", "pk": 115, "fields": {"name": "Can delete order delivery", "content_type": 22, "codename": "delete_orderdelivery"}}, {"model": "auth.permission", "pk": 116, "fields": {"name": "Can view order delivery", "content_type": 22, "codename": "view_orderdelivery"}}, {"model": "auth.permission", "pk": 117, "fields": {"name": "Can add flex history", "content_type": 23, "codename": "add_flexhistory"}}, {"model": "auth.permission", "pk": 118, "fields": {"name": "Can change flex history", "content_type": 23, "codename": "change_flexhistory"}}, {"model": "auth.permission", "pk": 119, "fields": {"name": "Can delete flex history", "content_type": 23, "codename": "delete_flexhistory"}}, {"model": "auth.permission", "pk": 120, "fields": {"name": "Can view flex history", "content_type": 23, "codename": "view_flexhistory"}}, {"model": "auth.permission", "pk": 121, "fields": {"name": "Can add corrugator history", "content_type": 24, "codename": "add_corrugatorhistory"}}, {"model": "auth.permission", "pk": 122, "fields": {"name": "Can change corrugator history", "content_type": 24, "codename": "change_corrugatorhistory"}}, {"model": "auth.permission", "pk": 123, "fields": {"name": "Can delete corrugator history", "content_type": 24, "codename": "delete_corrugatorhistory"}}, {"model": "auth.permission", "pk": 124, "fields": {"name": "Can view corrugator history", "content_type": 24, "codename": "view_corrugatorhistory"}}, {"model": "auth.permission", "pk": 125, "fields": {"name": "Can add stitching history", "content_type": 25, "codename": "add_stitchinghistory"}}, {"model": "auth.permission", "pk": 126, "fields": {"name": "Can change stitching history", "content_type": 25, "codename": "change_stitchinghistory"}}, {"model": "auth.permission", "pk": 127, "fields": {"name": "Can delete stitching history", "content_type": 25, "codename": "delete_stitchinghistory"}}, {"model": "auth.permission", "pk": 128, "fields": {"name": "Can view stitching history", "content_type": 25, "codename": "view_stitchinghistory"}}, {"model": "auth.permission", "pk": 129, "fields": {"name": "Can add production", "content_type": 26, "codename": "add_production"}}, {"model": "auth.permission", "pk": 130, "fields": {"name": "Can change production", "content_type": 26, "codename": "change_production"}}, {"model": "auth.permission", "pk": 131, "fields": {"name": "Can delete production", "content_type": 26, "codename": "delete_production"}}, {"model": "auth.permission", "pk": 132, "fields": {"name": "Can view production", "content_type": 26, "codename": "view_production"}}, {"model": "auth.permission", "pk": 133, "fields": {"name": "Can add glue history", "content_type": 27, "codename": "add_gluehistory"}}, {"model": "auth.permission", "pk": 134, "fields": {"name": "Can change glue history", "content_type": 27, "codename": "change_gluehistory"}}, {"model": "auth.permission", "pk": 135, "fields": {"name": "Can delete glue history", "content_type": 27, "codename": "delete_gluehistory"}}, {"model": "auth.permission", "pk": 136, "fields": {"name": "Can view glue history", "content_type": 27, "codename": "view_gluehistory"}}, {"model": "auth.group", "pk": 1, "fields": {"name": "warehouse_manager", "permissions": [41, 42, 43, 44, 33, 34, 35, 36, 37, 38, 39, 40, 25, 26, 27, 28, 29, 30, 31, 32, 45, 46, 47, 48, 49, 50, 51, 52, 53, 54, 55, 56, 57, 58, 59, 60]}}, {"model": "auth.group", "pk": 2, "fields": {"name": "warehouse_view", "permissions": [68, 44, 72, 36, 76, 40, 28, 80, 32, 84, 48, 92, 52, 56, 60, 88]}}, {"model": "auth.group", "pk": 3, "fields": {"name": "sales_manager", "permissions": [105, 106, 108, 97, 98, 100, 109, 110, 112, 101, 102, 104]}}, {"model": "auth.group", "pk": 4, "fields": {"name": "sales_view", "permissions": [108, 100, 112, 104]}}, {"model": "auth.group", "pk": 5, "fields": {"name": "production_view", "permissions": [124, 120, 136, 132, 128]}}, {"model": "auth.group", "pk": 6, "fields": {"name": "production_manager", "permissions": [121, 122, 123, 124, 117, 118, 119, 120, 133, 134, 135, 136, 129, 130, 131, 132, 125, 126, 127, 128]}}, {"model": "auth.user", "pk": 1, "fields": {"password": "pbkdf2_sha256$180000$0qOjQeTYwSI4$JCVwfbZkrUZ8Dy93nYxFdNRo20iS3n4AX/t1o1bxUO0=", "last_login": "2020-10-01T10:00:45.635Z", "is_superuser": true, "username": "jasurn", "first_name": "", "last_name": "", "email": "97jasur@gmail.com", "is_staff": true, "is_active": true, "date_joined": "2020-05-22T06:25:34Z", "groups": [1, 2, 3, 4, 5, 6], "user_permissions": []}}, {"model": "auth.user", "pk": 2, "fields": {"password": "pbkdf2_sha256$180000$yTi1aKimBzkG$t7WnUtQ6X3xIylNl3rfVfUy8Cacn6EVWgCRsZgmkxAQ=", "last_login": "2020-05-24T10:58:42Z", "is_superuser": false, "username": "kwon", "first_name": "", "last_name": "", "email": "", "is_staff": false, "is_active": true, "date_joined": "2020-05-22T07:07:09Z", "groups": [1, 2, 3, 4], "user_permissions": []}}, {"model": "auth.user", "pk": 7, "fields": {"password": "pbkdf2_sha256$180000$cMVwNmhqky8A$9FLAg7U5M4Lq01m6VXCA8z1QcZk3Y1EyUWl1CqkXjnA=", "last_login": null, "is_superuser": false, "username": "wv", "first_name": "", "last_name": "", "email": "", "is_staff": false, "is_active": true, "date_joined": "2020-08-03T18:09:45Z", "groups": [2], "user_permissions": []}}, {"model": "auth.user", "pk": 8, "fields": {"password": "pbkdf2_sha256$180000$9XVsenFjLLmT$tomOJUgvMgNSFi8rvWRtvsoVRgur2AgAn4MlkNGDkow=", "last_login": null, "is_superuser": false, "username": "jenya", "first_name": "", "last_name": "", "email": "", "is_staff": false, "is_active": true, "date_joined": "2020-08-13T19:46:20Z", "groups": [1, 2, 4], "user_permissions": []}}, {"model": "auth.user", "pk": 9, "fields": {"password": "pbkdf2_sha256$180000$ZTYKIWT88MvI$E/NAqk//h1YScsfNUVAKNkZ2hUlh6z2zVSTYqCzyk3w=", "last_login": null, "is_superuser": false, "username": "marketing", "first_name": "", "last_name": "", "email": "", "is_staff": false, "is_active": true, "date_joined": "2020-08-13T19:46:45Z", "groups": [2, 3, 4], "user_permissions": []}}, {"model": "sessions.session", "pk": "24c6zt96ksoed9xsl9cvdfgwa24s2xhc", "fields": {"session_data": "MDg4NjBhOTE1NjcwNTMwZDQxNzU2ODFjYzIzZTFkNmNjY2MyMTFkMjp7Il9hdXRoX3VzZXJfaWQiOiIxIiwiX2F1dGhfdXNlcl9iYWNrZW5kIjoiZGphbmdvLmNvbnRyaWIuYXV0aC5iYWNrZW5kcy5Nb2RlbEJhY2tlbmQiLCJfYXV0aF91c2VyX2hhc2giOiI2N2I1OTk2MmFiNDUxNjJmZTQyNTIyOGQwMDMzZTM3MDVmYjVlZjdhIn0=", "expire_date": "2020-06-17T10:42:15.770Z"}}, {"model": "sessions.session", "pk": "6zeht404mrxpkgiqb5fyy49b4eyckdrz", "fields": {"session_data": "MDg4NjBhOTE1NjcwNTMwZDQxNzU2ODFjYzIzZTFkNmNjY2MyMTFkMjp7Il9hdXRoX3VzZXJfaWQiOiIxIiwiX2F1dGhfdXNlcl9iYWNrZW5kIjoiZGphbmdvLmNvbnRyaWIuYXV0aC5iYWNrZW5kcy5Nb2RlbEJhY2tlbmQiLCJfYXV0aF91c2VyX2hhc2giOiI2N2I1OTk2MmFiNDUxNjJmZTQyNTIyOGQwMDMzZTM3MDVmYjVlZjdhIn0=", "expire_date": "2020-06-10T08:25:42.746Z"}}, {"model": "sessions.session", "pk": "7djvwew7krczelc7aogn10kv6v9eshm1", "fields": {"session_data": "MDg4NjBhOTE1NjcwNTMwZDQxNzU2ODFjYzIzZTFkNmNjY2MyMTFkMjp7Il9hdXRoX3VzZXJfaWQiOiIxIiwiX2F1dGhfdXNlcl9iYWNrZW5kIjoiZGphbmdvLmNvbnRyaWIuYXV0aC5iYWNrZW5kcy5Nb2RlbEJhY2tlbmQiLCJfYXV0aF91c2VyX2hhc2giOiI2N2I1OTk2MmFiNDUxNjJmZTQyNTIyOGQwMDMzZTM3MDVmYjVlZjdhIn0=", "expire_date": "2020-06-11T05:57:52.800Z"}}, {"model": "sessions.session", "pk": "ahmxykvq6uy1uvb7sdql3juxfx45ks2k", "fields": {"session_data": "MDg4NjBhOTE1NjcwNTMwZDQxNzU2ODFjYzIzZTFkNmNjY2MyMTFkMjp7Il9hdXRoX3VzZXJfaWQiOiIxIiwiX2F1dGhfdXNlcl9iYWNrZW5kIjoiZGphbmdvLmNvbnRyaWIuYXV0aC5iYWNrZW5kcy5Nb2RlbEJhY2tlbmQiLCJfYXV0aF91c2VyX2hhc2giOiI2N2I1OTk2MmFiNDUxNjJmZTQyNTIyOGQwMDMzZTM3MDVmYjVlZjdhIn0=", "expire_date": "2020-06-07T10:58:57.891Z"}}, {"model": "sessions.session", "pk": "cc3wnmuh2vc1edczqo0kf3p27b495n87", "fields": {"session_data": "MDg4NjBhOTE1NjcwNTMwZDQxNzU2ODFjYzIzZTFkNmNjY2MyMTFkMjp7Il9hdXRoX3VzZXJfaWQiOiIxIiwiX2F1dGhfdXNlcl9iYWNrZW5kIjoiZGphbmdvLmNvbnRyaWIuYXV0aC5iYWNrZW5kcy5Nb2RlbEJhY2tlbmQiLCJfYXV0aF91c2VyX2hhc2giOiI2N2I1OTk2MmFiNDUxNjJmZTQyNTIyOGQwMDMzZTM3MDVmYjVlZjdhIn0=", "expire_date": "2020-06-19T04:52:25.451Z"}}, {"model": "sessions.session", "pk": "iclweh34vnfnd1hl8tv1j99jyq4gvii6", "fields": {"session_data": "MDg4NjBhOTE1NjcwNTMwZDQxNzU2ODFjYzIzZTFkNmNjY2MyMTFkMjp7Il9hdXRoX3VzZXJfaWQiOiIxIiwiX2F1dGhfdXNlcl9iYWNrZW5kIjoiZGphbmdvLmNvbnRyaWIuYXV0aC5iYWNrZW5kcy5Nb2RlbEJhY2tlbmQiLCJfYXV0aF91c2VyX2hhc2giOiI2N2I1OTk2MmFiNDUxNjJmZTQyNTIyOGQwMDMzZTM3MDVmYjVlZjdhIn0=", "expire_date": "2020-06-16T04:17:43.586Z"}}, {"model": "sessions.session", "pk": "inrg58n68siqozrfjompbes5slb8ymna", "fields": {"session_data": "MDg4NjBhOTE1NjcwNTMwZDQxNzU2ODFjYzIzZTFkNmNjY2MyMTFkMjp7Il9hdXRoX3VzZXJfaWQiOiIxIiwiX2F1dGhfdXNlcl9iYWNrZW5kIjoiZGphbmdvLmNvbnRyaWIuYXV0aC5iYWNrZW5kcy5Nb2RlbEJhY2tlbmQiLCJfYXV0aF91c2VyX2hhc2giOiI2N2I1OTk2MmFiNDUxNjJmZTQyNTIyOGQwMDMzZTM3MDVmYjVlZjdhIn0=", "expire_date": "2020-08-17T13:29:04.318Z"}}, {"model": "sessions.session", "pk": "jfzpbhbvzlkn7schobddusnulsw0e8t1", "fields": {"session_data": "MDg4NjBhOTE1NjcwNTMwZDQxNzU2ODFjYzIzZTFkNmNjY2MyMTFkMjp7Il9hdXRoX3VzZXJfaWQiOiIxIiwiX2F1dGhfdXNlcl9iYWNrZW5kIjoiZGphbmdvLmNvbnRyaWIuYXV0aC5iYWNrZW5kcy5Nb2RlbEJhY2tlbmQiLCJfYXV0aF91c2VyX2hhc2giOiI2N2I1OTk2MmFiNDUxNjJmZTQyNTIyOGQwMDMzZTM3MDVmYjVlZjdhIn0=", "expire_date": "2020-07-14T08:31:35.729Z"}}, {"model": "sessions.session", "pk": "jkfnf1xe4womy0yy1l4lihr7vaftk4we", "fields": {"session_data": "MDg4NjBhOTE1NjcwNTMwZDQxNzU2ODFjYzIzZTFkNmNjY2MyMTFkMjp7Il9hdXRoX3VzZXJfaWQiOiIxIiwiX2F1dGhfdXNlcl9iYWNrZW5kIjoiZGphbmdvLmNvbnRyaWIuYXV0aC5iYWNrZW5kcy5Nb2RlbEJhY2tlbmQiLCJfYXV0aF91c2VyX2hhc2giOiI2N2I1OTk2MmFiNDUxNjJmZTQyNTIyOGQwMDMzZTM3MDVmYjVlZjdhIn0=", "expire_date": "2020-07-30T12:30:35.933Z"}}, {"model": "sessions.session", "pk": "k2r9nq98bobubempqo4dsbm8oib9j3f0", "fields": {"session_data": "MDg4NjBhOTE1NjcwNTMwZDQxNzU2ODFjYzIzZTFkNmNjY2MyMTFkMjp7Il9hdXRoX3VzZXJfaWQiOiIxIiwiX2F1dGhfdXNlcl9iYWNrZW5kIjoiZGphbmdvLmNvbnRyaWIuYXV0aC5iYWNrZW5kcy5Nb2RlbEJhY2tlbmQiLCJfYXV0aF91c2VyX2hhc2giOiI2N2I1OTk2MmFiNDUxNjJmZTQyNTIyOGQwMDMzZTM3MDVmYjVlZjdhIn0=", "expire_date": "2020-09-03T11:39:04.619Z"}}, {"model": "sessions.session", "pk": "m7sauwpx1zv0dl4ilfqcg989bzq2c4bb", "fields": {"session_data": "MDg4NjBhOTE1NjcwNTMwZDQxNzU2ODFjYzIzZTFkNmNjY2MyMTFkMjp7Il9hdXRoX3VzZXJfaWQiOiIxIiwiX2F1dGhfdXNlcl9iYWNrZW5kIjoiZGphbmdvLmNvbnRyaWIuYXV0aC5iYWNrZW5kcy5Nb2RlbEJhY2tlbmQiLCJfYXV0aF91c2VyX2hhc2giOiI2N2I1OTk2MmFiNDUxNjJmZTQyNTIyOGQwMDMzZTM3MDVmYjVlZjdhIn0=", "expire_date": "2020-08-10T15:39:52.241Z"}}, {"model": "sessions.session", "pk": "pu9nkc079w2mooe0rxwhfm79n4q0gl0l", "fields": {"session_data": "MDg4NjBhOTE1NjcwNTMwZDQxNzU2ODFjYzIzZTFkNmNjY2MyMTFkMjp7Il9hdXRoX3VzZXJfaWQiOiIxIiwiX2F1dGhfdXNlcl9iYWNrZW5kIjoiZGphbmdvLmNvbnRyaWIuYXV0aC5iYWNrZW5kcy5Nb2RlbEJhY2tlbmQiLCJfYXV0aF91c2VyX2hhc2giOiI2N2I1OTk2MmFiNDUxNjJmZTQyNTIyOGQwMDMzZTM3MDVmYjVlZjdhIn0=", "expire_date": "2020-10-15T10:00:45.640Z"}}, {"model": "sessions.session", "pk": "qin51ys26gz2g7twy8qspxot38vf7gna", "fields": {"session_data": "MDg4NjBhOTE1NjcwNTMwZDQxNzU2ODFjYzIzZTFkNmNjY2MyMTFkMjp7Il9hdXRoX3VzZXJfaWQiOiIxIiwiX2F1dGhfdXNlcl9iYWNrZW5kIjoiZGphbmdvLmNvbnRyaWIuYXV0aC5iYWNrZW5kcy5Nb2RlbEJhY2tlbmQiLCJfYXV0aF91c2VyX2hhc2giOiI2N2I1OTk2MmFiNDUxNjJmZTQyNTIyOGQwMDMzZTM3MDVmYjVlZjdhIn0=", "expire_date": "2020-06-22T06:18:42.711Z"}}, {"model": "sessions.session", "pk": "qocsp9n821ixr86jjy04xvsic3ereypt", "fields": {"session_data": "MDg4NjBhOTE1NjcwNTMwZDQxNzU2ODFjYzIzZTFkNmNjY2MyMTFkMjp7Il9hdXRoX3VzZXJfaWQiOiIxIiwiX2F1dGhfdXNlcl9iYWNrZW5kIjoiZGphbmdvLmNvbnRyaWIuYXV0aC5iYWNrZW5kcy5Nb2RlbEJhY2tlbmQiLCJfYXV0aF91c2VyX2hhc2giOiI2N2I1OTk2MmFiNDUxNjJmZTQyNTIyOGQwMDMzZTM3MDVmYjVlZjdhIn0=", "expire_date": "2020-06-11T05:52:59.921Z"}}, {"model": "sessions.session", "pk": "xl82x75l9wq9uggyowyncvjyqfmv6tvv", "fields": {"session_data": "MDg4NjBhOTE1NjcwNTMwZDQxNzU2ODFjYzIzZTFkNmNjY2MyMTFkMjp7Il9hdXRoX3VzZXJfaWQiOiIxIiwiX2F1dGhfdXNlcl9iYWNrZW5kIjoiZGphbmdvLmNvbnRyaWIuYXV0aC5iYWNrZW5kcy5Nb2RlbEJhY2tlbmQiLCJfYXV0aF91c2VyX2hhc2giOiI2N2I1OTk2MmFiNDUxNjJmZTQyNTIyOGQwMDMzZTM3MDVmYjVlZjdhIn0=", "expire_date": "2020-07-28T20:05:42.482Z"}}, {"model": "authtoken.token", "pk": "2184a3d22f7cb63f1bc07c1b34c475d8527f6cf0", "fields": {"user": 9, "created": "2020-08-13T19:47:10.961Z"}}, {"model": "authtoken.token", "pk": "5668256a724b733549e45725a166d3a13e779e61", "fields": {"user": 1, "created": "2020-06-30T09:10:43.446Z"}}, {"model": "authtoken.token", "pk": "b223e154a3875e7edd477cd66a71d0e61f75c34e", "fields": {"user": 7, "created": "2020-08-03T18:10:08.132Z"}}, {"model": "authtoken.token", "pk": "c4a6d3587ef3dbd0d02f8570816e654344db0b9e", "fields": {"user": 8, "created": "2020-08-13T19:52:05.976Z"}}, {"model": "warehouse.paper_producer", "pk": 1, "fields": {"name": "Bratsk", "short_name": "BK"}}, {"model": "warehouse.paper_producer", "pk": 2, "fields": {"name": "ENSO", "short_name": "ENS"}}, {"model": "warehouse.paper_producer", "pk": 3, "fields": {"name": "Namangan", "short_name": "NMG"}}, {"model": "warehouse.paper_producer", "pk": 4, "fields": {"name": "PTSBK", "short_name": "PBK"}}, {"model": "warehouse.paper_producer", "pk": 5, "fields": {"name": "BSQ", "short_name": "BSQ"}}, {"model": "warehouse.paper_producer", "pk": 6, "fields": {"name": "Nafis", "short_name": "NFS"}}, {"model": "warehouse.paper_producer", "pk": 7, "fields": {"name": "Welkarton", "short_name": "WLK"}}, {"model": "warehouse.paper_producer", "pk": 8, "fields": {"name": "Sergili", "short_name": "SRG"}}, {"model": "warehouse.paper_producer", "pk": 9, "fields": {"name": "Samarkand", "short_name": "SMR"}}, {"model": "warehouse.paper_producer", "pk": 10, "fields": {"name": "Arhangelsk", "short_name": "ARH"}}, {"model": "warehouse.paper_type", "pk": 1, "fields": {"name": "KLB", "code": "K", "description": "cellulose"}}, {"model": "warehouse.paper_type", "pk": 2, "fields": {"name": "CMP", "code": "S", "description": "corrugated paper"}}, {"model": "warehouse.paper_format", "pk": 1, "fields": {"format": 800}}, {"model": "warehouse.paper_format", "pk": 2, "fields": {"format": 860}}, {"model": "warehouse.paper_format", "pk": 3, "fields": {"format": 910}}, {"model": "warehouse.paper_format", "pk": 4, "fields": {"format": 960}}, {"model": "warehouse.paper_format", "pk": 5, "fields": {"format": 1000}}, {"model": "warehouse.paper_format", "pk": 6, "fields": {"format": 1050}}, {"model": "warehouse.paper_format", "pk": 7, "fields": {"format": 1100}}, {"model": "warehouse.paper_format", "pk": 8, "fields": {"format": 1300}}, {"model": "warehouse.paper_format", "pk": 9, "fields": {"format": 1350}}, {"model": "warehouse.paper_format", "pk": 10, "fields": {"format": 1410}}, {"model": "warehouse.paper_format", "pk": 11, "fields": {"format": 1450}}, {"model": "warehouse.paper_format", "pk": 12, "fields": {"format": 1550}}, {"model": "warehouse.paper_format", "pk": 13, "fields": {"format": 850}}, {"model": "warehouse.paper_format", "pk": 14, "fields": {"format": 1200}}, {"model": "warehouse.paper_format", "pk": 15, "fields": {"format": 900}}, {"model": "warehouse.paper_grammage", "pk": 1, "fields": {"grammage": 110}}, {"model": "warehouse.paper_grammage", "pk": 2, "fields": {"grammage": 115}}, {"model": "warehouse.paper_grammage", "pk": 3, "fields": {"grammage": 120}}, {"model": "warehouse.paper_grammage", "pk": 4, "fields": {"grammage": 125}}, {"model": "warehouse.paper_grammage", "pk": 5, "fields": {"grammage": 135}}, {"model": "warehouse.paper_grammage", "pk": 6, "fields": {"grammage": 140}}, {"model": "warehouse.paper_grammage", "pk": 7, "fields": {"grammage": 150}}, {"model": "warehouse.paper_grammage", "pk": 8, "fields": {"grammage": 130}}, {"model": "warehouse.paper_grammage", "pk": 9, "fields": {"grammage": 160}}, {"model": "warehouse.paper_grammage", "pk": 10, "fields": {"grammage": 100}}, {"model": "warehouse.paper", "pk": 1, "fields": {"paper_type": 1, "grammage": 2, "paper_format": 3, "company": 1}}, {"model": "warehouse.paper", "pk": 2, "fields": {"paper_type": 2, "grammage": 3, "paper_format": 5, "company": 3}}, {"model": "warehouse.paper", "pk": 3, "fields": {"paper_type": 2, "grammage": 4, "paper_format": 5, "company": 7}}, {"model": "warehouse.paper", "pk": 4, "fields": {"paper_type": 2, "grammage": 3, "paper_format": 13, "company": 8}}, {"model": "warehouse.paper", "pk": 5, "fields": {"paper_type": 2, "grammage": 4, "paper_format": 2, "company": 3}}, {"model": "warehouse.paper", "pk": 6, "fields": {"paper_type": 2, "grammage": 8, "paper_format": 13, "company": 9}}, {"model": "warehouse.paper", "pk": 7, "fields": {"paper_type": 2, "grammage": 9, "paper_format": 7, "company": 6}}, {"model": "warehouse.paper", "pk": 8, "fields": {"paper_type": 1, "grammage": 10, "paper_format": 7, "company": 10}}, {"model": "warehouse.paper", "pk": 9, "fields": {"paper_type": 1, "grammage": 10, "paper_format": 14, "company": 10}}, {"model": "warehouse.paper", "pk": 10, "fields": {"paper_type": 1, "grammage": 10, "paper_format": 15, "company": 10}}, {"model": "warehouse.paper", "pk": 12, "fields": {"paper_type": 1, "grammage": 8, "paper_format": 12, "company": 10}}, {"model": "warehouse.paper", "pk": 13, "fields": {"paper_type": 2, "grammage": 1, "paper_format": 12, "company": 10}}, {"model": "warehouse.paper", "pk": 14, "fields": {"paper_type": 1, "grammage": 1, "paper_format": 12, "company": 10}}, {"model": "warehouse.paper", "pk": 15, "fields": {"paper_type": 2, "grammage": 3, "paper_format": 10, "company": 8}}, {"model": "warehouse.paper", "pk": 16, "fields": {"paper_type": 2, "grammage": 3, "paper_format": 11, "company": 4}}, {"model": "warehouse.paper", "pk": 17, "fields": {"paper_type": 2, "grammage": 3, "paper_format": 11, "company": 3}}, {"model": "warehouse.paper", "pk": 18, "fields": {"paper_type": 2, "grammage": 4, "paper_format": 11, "company": 3}}, {"model": "warehouse.paper", "pk": 19, "fields": {"paper_type": 2, "grammage": 6, "paper_format": 11, "company": 3}}, {"model": "warehouse.paper", "pk": 20, "fields": {"paper_type": 2, "grammage": 8, "paper_format": 11, "company": 9}}, {"model": "warehouse.paper", "pk": 21, "fields": {"paper_type": 2, "grammage": 9, "paper_format": 11, "company": 9}}, {"model": "warehouse.paper", "pk": 22, "fields": {"paper_type": 2, "grammage": 9, "paper_format": 10, "company": 9}}, {"model": "warehouse.paper", "pk": 23, "fields": {"paper_type": 2, "grammage": 9, "paper_format": 11, "company": 8}}, {"model": "warehouse.paper", "pk": 24, "fields": {"paper_type": 2, "grammage": 9, "paper_format": 12, "company": 9}}, {"model": "warehouse.paper", "pk": 25, "fields": {"paper_type": 2, "grammage": 4, "paper_format": 13, "company": 8}}, {"model": "warehouse.paper", "pk": 26, "fields": {"paper_type": 2, "grammage": 9, "paper_format": 14, "company": 6}}, {"model": "warehouse.paper", "pk": 27, "fields": {"paper_type": 2, "grammage": 8, "paper_format": 14, "company": 9}}, {"model": "warehouse.paper", "pk": 28, "fields": {"paper_type": 1, "grammage": 10, "paper_format": 14, "company": 1}}, {"model": "warehouse.paper", "pk": 29, "fields": {"paper_type": 2, "grammage": 7, "paper_format": 12, "company": 8}}, {"model": "warehouse.paper", "pk": 30, "fields": {"paper_type": 2, "grammage": 5, "paper_format": 15, "company": 10}}, {"model": "warehouse.paper", "pk": 31, "fields": {"paper_type": 2, "grammage": 10, "paper_format": 15, "company": 8}}, {"model": "warehouse.paper", "pk": 32, "fields": {"paper_type": 2, "grammage": 9, "paper_format": 15, "company": 9}}, {"model": "warehouse.paper", "pk": 33, "fields": {"paper_type": 2, "grammage": 8, "paper_format": 12, "company": 9}}, {"model": "warehouse.paper", "pk": 34, "fields": {"paper_type": 2, "grammage": 10, "paper_format": 15, "company": 6}}, {"model": "warehouse.paper", "pk": 35, "fields": {"paper_type": 2, "grammage": 10, "paper_format": 14, "company": 6}}, {"model": "warehouse.paper", "pk": 36, "fields": {"paper_type": 1, "grammage": 8, "paper_format": 15, "company": 10}}, {"model": "warehouse.paper", "pk": 37, "fields": {"paper_type": 2, "grammage": 7, "paper_format": 14, "company": 8}}, {"model": "warehouse.paper", "pk": 38, "fields": {"paper_type": 2, "grammage": 10, "paper_format": 1, "company": 3}}, {"model": "warehouse.paper", "pk": 39, "fields": {"paper_type": 2, "grammage": 10, "paper_format": 2, "company": 3}}, {"model": "warehouse.paper", "pk": 40, "fields": {"paper_type": 2, "grammage": 10, "paper_format": 7, "company": 3}}, {"model": "warehouse.paper", "pk": 41, "fields": {"paper_type": 2, "grammage": 10, "paper_format": 11, "company": 3}}, {"model": "warehouse.paper", "pk": 42, "fields": {"paper_type": 1, "grammage": 10, "paper_format": 12, "company": 10}}, {"model": "warehouse.paper", "pk": 43, "fields": {"paper_type": 1, "grammage": 10, "paper_format": 9, "company": 10}}, {"model": "warehouse.paper", "pk": 44, "fields": {"paper_type": 1, "grammage": 9, "paper_format": 7, "company": 10}}, {"model": "warehouse.roll", "pk": 54, "fields": {"roll_id": "NFS0900200704", "paper": 34, "initial_weight": 1000.0, "current_weight": 0.0, "instance_number": 4, "income_date": "2020-07-22T05:04:14.065Z"}}, {"model": "warehouse.roll", "pk": 55, "fields": {"roll_id": "NFS0900200705", "paper": 34, "initial_weight": 1000.0, "current_weight": 0.0, "instance_number": 5, "income_date": "2020-07-22T05:04:17.993Z"}}, {"model": "warehouse.roll", "pk": 56, "fields": {"roll_id": "NFS0900200706", "paper": 34, "initial_weight": 1000.0, "current_weight": 0.0, "instance_number": 6, "income_date": "2020-07-22T05:04:19.220Z"}}, {"model": "warehouse.roll", "pk": 57, "fields": {"roll_id": "NFS0900200707", "paper": 34, "initial_weight": 1000.0, "current_weight": 0.0, "instance_number": 7, "income_date": "2020-07-22T05:04:20.025Z"}}, {"model": "warehouse.roll", "pk": 58, "fields": {"roll_id": "NFS0900200708", "paper": 34, "initial_weight": 1000.0, "current_weight": 1000.0, "instance_number": 8, "income_date": "2020-07-22T05:04:20.796Z"}}, {"model": "warehouse.roll", "pk": 59, "fields": {"roll_id": "NFS0900200709", "paper": 34, "initial_weight": 1000.0, "current_weight": 1000.0, "instance_number": 9, "income_date": "2020-07-22T05:04:21.576Z"}}, {"model": "warehouse.roll", "pk": 60, "fields": {"roll_id": "NFS0900200710", "paper": 34, "initial_weight": 1000.0, "current_weight": 1000.0, "instance_number": 10, "income_date": "2020-07-22T05:04:22.379Z"}}, {"model": "warehouse.roll", "pk": 61, "fields": {"roll_id": "NFS0900200711", "paper": 34, "initial_weight": 1000.0, "current_weight": 1000.0, "instance_number": 11, "income_date": "2020-07-22T05:04:23.369Z"}}, {"model": "warehouse.roll", "pk": 62, "fields": {"roll_id": "NFS0900200712", "paper": 34, "initial_weight": 1000.0, "current_weight": 1000.0, "instance_number": 12, "income_date": "2020-07-22T05:04:24.217Z"}}, {"model": "warehouse.roll", "pk": 63, "fields": {"roll_id": "ARH090020071", "paper": 36, "initial_weight": 900.0, "current_weight": 900.0, "instance_number": 1, "income_date": "2020-07-22T05:52:57.074Z"}}, {"model": "warehouse.roll", "pk": 64, "fields": {"roll_id": "ARH0900200702", "paper": 36, "initial_weight": 900.0, "current_weight": 900.0, "instance_number": 2, "income_date": "2020-07-22T05:52:58.025Z"}}, {"model": "warehouse.roll", "pk": 65, "fields": {"roll_id": "ARH0900200703", "paper": 36, "initial_weight": 900.0, "current_weight": 900.0, "instance_number": 3, "income_date": "2020-07-22T05:52:58.883Z"}}, {"model": "warehouse.roll", "pk": 66, "fields": {"roll_id": "ARH0900200704", "paper": 36, "initial_weight": 900.0, "current_weight": 900.0, "instance_number": 4, "income_date": "2020-07-22T05:52:59.636Z"}}, {"model": "warehouse.roll", "pk": 67, "fields": {"roll_id": "ARH0900200705", "paper": 36, "initial_weight": 900.0, "current_weight": 900.0, "instance_number": 5, "income_date": "2020-07-22T05:53:00.226Z"}}, {"model": "warehouse.roll", "pk": 68, "fields": {"roll_id": "ARH0900200706", "paper": 36, "initial_weight": 900.0, "current_weight": 900.0, "instance_number": 6, "income_date": "2020-07-22T05:53:00.776Z"}}, {"model": "warehouse.roll", "pk": 69, "fields": {"roll_id": "SRG120020071", "paper": 37, "initial_weight": 950.0, "current_weight": 950.0, "instance_number": 1, "income_date": "2020-07-22T05:53:17.333Z"}}, {"model": "warehouse.roll", "pk": 70, "fields": {"roll_id": "SRG1200200702", "paper": 37, "initial_weight": 950.0, "current_weight": 950.0, "instance_number": 2, "income_date": "2020-07-22T05:53:17.799Z"}}, {"model": "warehouse.roll", "pk": 71, "fields": {"roll_id": "SRG1200200703", "paper": 37, "initial_weight": 950.0, "current_weight": 950.0, "instance_number": 3, "income_date": "2020-07-22T05:53:18.359Z"}}, {"model": "warehouse.roll", "pk": 72, "fields": {"roll_id": "SRG1200200704", "paper": 37, "initial_weight": 950.0, "current_weight": 950.0, "instance_number": 4, "income_date": "2020-07-22T05:53:18.847Z"}}, {"model": "warehouse.roll", "pk": 73, "fields": {"roll_id": "SRG1200200705", "paper": 37, "initial_weight": 950.0, "current_weight": 950.0, "instance_number": 5, "income_date": "2020-07-22T05:53:19.329Z"}}, {"model": "warehouse.roll", "pk": 74, "fields": {"roll_id": "SRG1200200706", "paper": 37, "initial_weight": 950.0, "current_weight": 950.0, "instance_number": 6, "income_date": "2020-07-22T05:53:19.839Z"}}, {"model": "warehouse.roll", "pk": 75, "fields": {"roll_id": "SRG1200200707", "paper": 37, "initial_weight": 950.0, "current_weight": 950.0, "instance_number": 7, "income_date": "2020-07-22T05:53:20.375Z"}}, {"model": "warehouse.roll", "pk": 76, "fields": {"roll_id": "NMG080020071", "paper": 38, "initial_weight": 1000.0, "current_weight": 100.0, "instance_number": 1, "income_date": "2020-07-27T06:00:39.978Z"}}, {"model": "warehouse.roll", "pk": 77, "fields": {"roll_id": "NMG0800200702", "paper": 38, "initial_weight": 1000.0, "current_weight": 0.0, "instance_number": 2, "income_date": "2020-07-27T06:00:40.346Z"}}, {"model": "warehouse.roll", "pk": 78, "fields": {"roll_id": "NMG0800200703", "paper": 38, "initial_weight": 1000.0, "current_weight": 1000.0, "instance_number": 3, "income_date": "2020-07-27T06:00:40.661Z"}}, {"model": "warehouse.roll", "pk": 79, "fields": {"roll_id": "NMG086020071", "paper": 39, "initial_weight": 1000.0, "current_weight": 1000.0, "instance_number": 1, "income_date": "2020-07-27T06:00:46.322Z"}}, {"model": "warehouse.roll", "pk": 80, "fields": {"roll_id": "NMG110020071", "paper": 40, "initial_weight": 1000.0, "current_weight": 1000.0, "instance_number": 1, "income_date": "2020-07-27T06:00:48.839Z"}}, {"model": "warehouse.roll", "pk": 81, "fields": {"roll_id": "NMG145020071", "paper": 41, "initial_weight": 1000.0, "current_weight": 1000.0, "instance_number": 1, "income_date": "2020-07-27T06:00:53.537Z"}}, {"model": "warehouse.roll", "pk": 82, "fields": {"roll_id": "NMG1450200702", "paper": 41, "initial_weight": 1000.0, "current_weight": 1000.0, "instance_number": 2, "income_date": "2020-07-27T06:00:54.482Z"}}, {"model": "warehouse.roll", "pk": 83, "fields": {"roll_id": "NMG1450200703", "paper": 41, "initial_weight": 1000.0, "current_weight": 1000.0, "instance_number": 3, "income_date": "2020-07-27T06:00:55.471Z"}}, {"model": "warehouse.roll", "pk": 84, "fields": {"roll_id": "ARH155020071", "paper": 42, "initial_weight": 1000.0, "current_weight": 1000.0, "instance_number": 1, "income_date": "2020-07-27T07:55:17.250Z"}}, {"model": "warehouse.roll", "pk": 85, "fields": {"roll_id": "ARH1550200702", "paper": 42, "initial_weight": 1000.0, "current_weight": 1000.0, "instance_number": 2, "income_date": "2020-07-27T07:55:19.545Z"}}, {"model": "warehouse.roll", "pk": 86, "fields": {"roll_id": "ARH1550200703", "paper": 42, "initial_weight": 1000.0, "current_weight": 1000.0, "instance_number": 3, "income_date": "2020-07-27T07:55:24.601Z"}}, {"model": "warehouse.roll", "pk": 87, "fields": {"roll_id": "NMG0860200702", "paper": 39, "initial_weight": 1000.0, "current_weight": 1000.0, "instance_number": 2, "income_date": "2020-07-27T09:17:11.662Z"}}, {"model": "warehouse.roll", "pk": 88, "fields": {"roll_id": "NMG0860200703", "paper": 39, "initial_weight": 1000.0, "current_weight": 0.0, "instance_number": 3, "income_date": "2020-07-27T09:17:13.045Z"}}, {"model": "warehouse.roll", "pk": 89, "fields": {"roll_id": "NMG0860200704", "paper": 39, "initial_weight": 1000.0, "current_weight": 0.0, "instance_number": 4, "income_date": "2020-07-27T09:17:14.027Z"}}, {"model": "warehouse.roll", "pk": 90, "fields": {"roll_id": "ARH1350200801", "paper": 43, "initial_weight": 1000.0, "current_weight": 1000.0, "instance_number": 1, "income_date": "2020-08-22T13:14:01.205Z"}}, {"model": "warehouse.roll", "pk": 91, "fields": {"roll_id": "ARH1100200801", "paper": 44, "initial_weight": 2000.0, "current_weight": 2000.0, "instance_number": 1, "income_date": "2020-08-25T05:26:33.644Z"}}, {"model": "warehouse.roll_consumption", "pk": 15, "fields": {"roll": 77, "amount": 1000, "date": "2020-07-27T09:17:58.247Z", "order": null, "status": "c"}}, {"model": "warehouse.roll_consumption", "pk": 16, "fields": {"roll": 76, "amount": 900, "date": "2020-07-27T09:18:16.058Z", "order": null, "status": "c"}}, {"model": "warehouse.roll_consumption", "pk": 17, "fields": {"roll": 54, "amount": 800, "date": "2020-08-10T14:58:04.267Z", "order": null, "status": "c"}}, {"model": "warehouse.roll_consumption", "pk": 18, "fields": {"roll": 89, "amount": 1000, "date": "2020-08-17T09:10:30.320Z", "order": null, "status": "c"}}, {"model": "warehouse.roll_consumption", "pk": 19, "fields": {"roll": 88, "amount": 1000, "date": "2020-07-27T09:17:44.115Z", "order": null, "status": "p"}}, {"model": "warehouse.roll_consumption", "pk": 20, "fields": {"roll": 55, "amount": 1000, "date": "2020-08-10T14:56:39.361Z", "order": null, "status": "p"}}, {"model": "warehouse.roll_consumption", "pk": 21, "fields": {"roll": 56, "amount": 1000, "date": "2020-08-10T14:56:39.366Z", "order": null, "status": "p"}}, {"model": "warehouse.roll_consumption", "pk": 22, "fields": {"roll": 54, "amount": 1000, "date": "2020-08-17T04:22:45.503Z", "order": null, "status": "p"}}, {"model": "warehouse.roll_consumption", "pk": 23, "fields": {"roll": 57, "amount": 1000, "date": "2020-08-17T04:22:45.512Z", "order": null, "status": "p"}}, {"model": "warehouse.roll_incoming", "pk": 17, "fields": {"roll": 54, "amount": 1000, "date": "2020-07-22T05:04:14.068Z"}}, {"model": "warehouse.roll_incoming", "pk": 18, "fields": {"roll": 55, "amount": 1000, "date": "2020-07-22T05:04:17.996Z"}}, {"model": "warehouse.roll_incoming", "pk": 19, "fields": {"roll": 56, "amount": 1000, "date": "2020-07-22T05:04:19.225Z"}}, {"model": "warehouse.roll_incoming", "pk": 20, "fields": {"roll": 57, "amount": 1000, "date": "2020-07-22T05:04:20.031Z"}}, {"model": "warehouse.roll_incoming", "pk": 21, "fields": {"roll": 58, "amount": 1000, "date": "2020-07-22T05:04:20.801Z"}}, {"model": "warehouse.roll_incoming", "pk": 22, "fields": {"roll": 59, "amount": 1000, "date": "2020-07-22T05:04:21.582Z"}}, {"model": "warehouse.roll_incoming", "pk": 23, "fields": {"roll": 60, "amount": 1000, "date": "2020-07-22T05:04:22.384Z"}}, {"model": "warehouse.roll_incoming", "pk": 24, "fields": {"roll": 61, "amount": 1000, "date": "2020-07-22T05:04:23.374Z"}}, {"model": "warehouse.roll_incoming", "pk": 25, "fields": {"roll": 62, "amount": 1000, "date": "2020-07-22T05:04:24.223Z"}}, {"model": "warehouse.roll_incoming", "pk": 26, "fields": {"roll": 63, "amount": 900, "date": "2020-07-22T05:52:57.078Z"}}, {"model": "warehouse.roll_incoming", "pk": 27, "fields": {"roll": 64, "amount": 900, "date": "2020-07-22T05:52:58.031Z"}}, {"model": "warehouse.roll_incoming", "pk": 28, "fields": {"roll": 65, "amount": 900, "date": "2020-07-22T05:52:58.889Z"}}, {"model": "warehouse.roll_incoming", "pk": 29, "fields": {"roll": 66, "amount": 900, "date": "2020-07-22T05:52:59.643Z"}}, {"model": "warehouse.roll_incoming", "pk": 30, "fields": {"roll": 67, "amount": 900, "date": "2020-07-22T05:53:00.232Z"}}, {"model": "warehouse.roll_incoming", "pk": 31, "fields": {"roll": 68, "amount": 900, "date": "2020-07-22T05:53:00.782Z"}}, {"model": "warehouse.roll_incoming", "pk": 32, "fields": {"roll": 69, "amount": 950, "date": "2020-07-22T05:53:17.342Z"}}, {"model": "warehouse.roll_incoming", "pk": 33, "fields": {"roll": 70, "amount": 950, "date": "2020-07-22T05:53:17.804Z"}}, {"model": "warehouse.roll_incoming", "pk": 34, "fields": {"roll": 71, "amount": 950, "date": "2020-07-22T05:53:18.364Z"}}, {"model": "warehouse.roll_incoming", "pk": 35, "fields": {"roll": 72, "amount": 950, "date": "2020-07-22T05:53:18.850Z"}}, {"model": "warehouse.roll_incoming", "pk": 36, "fields": {"roll": 73, "amount": 950, "date": "2020-07-22T05:53:19.333Z"}}, {"model": "warehouse.roll_incoming", "pk": 37, "fields": {"roll": 74, "amount": 950, "date": "2020-07-22T05:53:19.850Z"}}, {"model": "warehouse.roll_incoming", "pk": 38, "fields": {"roll": 75, "amount": 950, "date": "2020-07-22T05:53:20.380Z"}}, {"model": "warehouse.roll_incoming", "pk": 39, "fields": {"roll": 76, "amount": 1000, "date": "2020-07-27T06:00:39.983Z"}}, {"model": "warehouse.roll_incoming", "pk": 40, "fields": {"roll": 77, "amount": 1000, "date": "2020-07-27T06:00:40.352Z"}}, {"model": "warehouse.roll_incoming", "pk": 41, "fields": {"roll": 78, "amount": 1000, "date": "2020-07-27T06:00:40.666Z"}}, {"model": "warehouse.roll_incoming", "pk": 42, "fields": {"roll": 79, "amount": 1000, "date": "2020-07-27T06:00:46.325Z"}}, {"model": "warehouse.roll_incoming", "pk": 43, "fields": {"roll": 80, "amount": 1000, "date": "2020-07-27T06:00:48.844Z"}}, {"model": "warehouse.roll_incoming", "pk": 44, "fields": {"roll": 81, "amount": 1000, "date": "2020-07-27T06:00:53.541Z"}}, {"model": "warehouse.roll_incoming", "pk": 45, "fields": {"roll": 82, "amount": 1000, "date": "2020-07-27T06:00:54.490Z"}}, {"model": "warehouse.roll_incoming", "pk": 46, "fields": {"roll": 83, "amount": 1000, "date": "2020-07-27T06:00:55.478Z"}}, {"model": "warehouse.roll_incoming", "pk": 47, "fields": {"roll": 84, "amount": 1000, "date": "2020-07-27T07:55:17.254Z"}}, {"model": "warehouse.roll_incoming", "pk": 48, "fields": {"roll": 85, "amount": 1000, "date": "2020-07-27T07:55:19.550Z"}}, {"model": "warehouse.roll_incoming", "pk": 49, "fields": {"roll": 86, "amount": 1000, "date": "2020-07-27T07:55:24.608Z"}}, {"model": "warehouse.roll_incoming", "pk": 50, "fields": {"roll": 87, "amount": 1000, "date": "2020-07-27T09:17:11.668Z"}}, {"model": "warehouse.roll_incoming", "pk": 51, "fields": {"roll": 88, "amount": 1000, "date": "2020-07-27T09:17:13.051Z"}}, {"model": "warehouse.roll_incoming", "pk": 52, "fields": {"roll": 89, "amount": 1000, "date": "2020-07-27T09:17:14.033Z"}}, {"model": "warehouse.roll_incoming", "pk": 53, "fields": {"roll": 90, "amount": 1000, "date": "2020-08-22T13:14:01.213Z"}}, {"model": "warehouse.roll_incoming", "pk": 54, "fields": {"roll": 91, "amount": 2000, "date": "2020-08-25T05:26:33.649Z"}}, {"model": "warehouse.roll_return", "pk": 6, "fields": {"roll": 76, "amount": 100, "date": "2020-07-27T09:18:16.063Z"}}, {"model": "warehouse.roll_return", "pk": 7, "fields": {"roll": 54, "amount": 200, "date": "2020-08-10T14:58:04.271Z"}}, {"model": "sales.box", "pk": 1, "fields": {"box_id": "Uz Tex Group0", "customer": 1, "length": 442, "width": 236, "height": 571, "configuration": "KSK", "dimension": "1000x1000x1000"}}, {"model": "sales.box", "pk": 6, "fields": {"box_id": "Uz Tex Group1", "customer": 1, "length": 500, "width": 400, "height": 300, "configuration": "KSS", "dimension": "1000x1000x1000"}}, {"model": "sales.box", "pk": 7, "fields": {"box_id": "UzBAT2", "customer": 2, "length": 500, "width": 400, "height": 235, "configuration": "SSSSS", "dimension": "1000x1000x1000"}}, {"model": "sales.box", "pk": 8, "fields": {"box_id": "DTF3", "customer": 3, "length": 200, "width": 300, "height": 400, "configuration": "SSSSS", "dimension": "200x300x400"}}, {"model": "sales.box", "pk": 9, "fields": {"box_id": "UzBAT4", "customer": 2, "length": 400, "width": 500, "height": 600, "configuration": "SSS", "dimension": "400x500x600"}}, {"model": "sales.box", "pk": 10, "fields": {"box_id": "Uz Tex Group5", "customer": 1, "length": 500, "width": 400, "height": 300, "configuration": "KSS", "dimension": "500x400x300"}}, {"model": "sales.box", "pk": 11, "fields": {"box_id": "box1", "customer": 1, "length": 500, "width": 400, "height": 300, "configuration": "KSS", "dimension": "500x400x300"}}, {"model": "sales.box", "pk": 12, "fields": {"box_id": "box2", "customer": 1, "length": 500, "width": 400, "height": 300, "configuration": "KSS", "dimension": "500x400x300"}}, {"model": "sales.box", "pk": 13, "fields": {"box_id": "box3", "customer": 1, "length": 500, "width": 400, "height": 300, "configuration": "KSS", "dimension": "500x400x300"}}, {"model": "sales.box", "pk": 14, "fields": {"box_id": "uzbat1", "customer": 2, "length": 200, "width": 300, "height": 500, "configuration": "KSK", "dimension": "200x300x500"}}, {"model": "sales.customer", "pk": 1, "fields": {"name": "Uz Tex Group", "short_name": "uztex", "number_of_box": 4}}, {"model": "sales.customer", "pk": 2, "fields": {"name": "UzBAT", "short_name": "uzbat", "number_of_box": 2}}, {"model": "sales.customer", "pk": 3, "fields": {"name": "DTF", "short_name": "dtf", "number_of_box": 1}}, {"model": "sales.contract", "pk": 1, "fields": {"customer": 1, "contract_number": "DPC LB 190503"}}, {"model": "sales.contract", "pk": 2, "fields": {"customer": 2, "contract_number": "DPC LB 190504"}}, {"model": "sales.order", "pk": 23, "fields": {"order_id": "O-20081", "contract": 2, "order_date": "2020-08-25", "ship_date": "2020-08-29", "box": 14, "quantity": 2000, "remaining": 2000, "delivered": 0, "flex": true, "thompson": true, "glue": true, "stitching": false}}, {"model": "sales.order", "pk": 24, "fields": {"order_id": "O200823", "contract": 1, "order_date": "2020-08-25", "ship_date": "2020-08-26", "box": 13, "quantity": 2000, "remaining": 2000, "delivered": 0, "flex": false, "thompson": true, "glue": false, "stitching": true}}, {"model": "production.production", "pk": 5, "fields": {"production_id": "p0", "order": 24, "production_order": 1, "scheduled_date": "2020-08-26", "final_producer_amount": 0, "corrugator_amount": 0, "corrugator_defect": 0, "flex_amount": 0, "flex_defect": 0, "thompson_amount": 0, "thompson_defect": 0, "glue_amount": 0, "glue_defect": 0, "stitching_amount": 0, "stitching_defect": 0}}, {"model": "admin.logentry", "pk": 1, "fields": {"action_time": "2020-05-22T06:41:34.158Z", "user": 1, "content_type": 7, "object_id": "1", "object_repr": "Paper object (1)", "action_flag": 1, "change_message": "[{\"added\": {}}]"}}, {"model": "admin.logentry", "pk": 2, "fields": {"action_time": "2020-05-22T06:43:33.533Z", "user": 1, "content_type": 12, "object_id": "1", "object_repr": "Roll object (1)", "action_flag": 1, "change_message": "[{\"added\": {}}]"}}, {"model": "admin.logentry", "pk": 3, "fields": {"action_time": "2020-05-22T07:07:10.063Z", "user": 1, "content_type": 4, "object_id": "2", "object_repr": "kwon", "action_flag": 1, "change_message": "[{\"added\": {}}]"}}, {"model": "admin.logentry", "pk": 4, "fields": {"action_time": "2020-05-22T07:07:30.129Z", "user": 1, "content_type": 4, "object_id": "2", "object_repr": "kwon", "action_flag": 2, "change_message": "[{\"changed\": {\"fields\": [\"Staff status\"]}}]"}}, {"model": "admin.logentry", "pk": 5, "fields": {"action_time": "2020-05-24T10:59:57.384Z", "user": 1, "content_type": 3, "object_id": "1", "object_repr": "warehouse manager", "action_flag": 1, "change_message": "[{\"added\": {}}]"}}, {"model": "admin.logentry", "pk": 6, "fields": {"action_time": "2020-05-24T11:00:01.807Z", "user": 1, "content_type": 3, "object_id": "1", "object_repr": "warehouse manager", "action_flag": 2, "change_message": "[]"}}, {"model": "admin.logentry", "pk": 7, "fields": {"action_time": "2020-05-24T11:06:01.222Z", "user": 1, "content_type": 7, "object_id": "2", "object_repr": "Paper object (2)", "action_flag": 1, "change_message": "[{\"added\": {}}]"}}, {"model": "admin.logentry", "pk": 8, "fields": {"action_time": "2020-06-03T10:42:44.933Z", "user": 1, "content_type": 4, "object_id": "3", "object_repr": "jasur", "action_flag": 1, "change_message": "[{\"added\": {}}]"}}, {"model": "admin.logentry", "pk": 9, "fields": {"action_time": "2020-06-05T05:50:04.945Z", "user": 1, "content_type": 12, "object_id": "2", "object_repr": "Namangan : CMP format: 1000 grammage: 120 current weight: 3212 initial weight: 112 income date: 2020-06-05 05:50:04.935878+00:00", "action_flag": 1, "change_message": "[{\"added\": {}}]"}}, {"model": "admin.logentry", "pk": 10, "fields": {"action_time": "2020-06-05T06:32:58.895Z", "user": 1, "content_type": 12, "object_id": "3", "object_repr": "Namangan : CMP format: 1000 grammage: 120 current weight: 10000 initial weight: 1002 income date: 2020-06-05 06:32:58.887434+00:00", "action_flag": 1, "change_message": "[{\"added\": {}}]"}}, {"model": "admin.logentry", "pk": 11, "fields": {"action_time": "2020-06-08T10:10:57.012Z", "user": 1, "content_type": 7, "object_id": "7", "object_repr": "Welkarton", "action_flag": 1, "change_message": "[{\"added\": {}}]"}}, {"model": "admin.logentry", "pk": 12, "fields": {"action_time": "2020-06-08T10:11:10.548Z", "user": 1, "content_type": 11, "object_id": "3", "object_repr": "Welkarton : CMP : 1000 : 125", "action_flag": 1, "change_message": "[{\"added\": {}}]"}}, {"model": "admin.logentry", "pk": 13, "fields": {"action_time": "2020-06-08T10:11:22.096Z", "user": 1, "content_type": 7, "object_id": "8", "object_repr": "Sergili", "action_flag": 1, "change_message": "[{\"added\": {}}]"}}, {"model": "admin.logentry", "pk": 14, "fields": {"action_time": "2020-06-08T10:11:44.961Z", "user": 1, "content_type": 9, "object_id": "13", "object_repr": "850", "action_flag": 1, "change_message": "[{\"added\": {}}]"}}, {"model": "admin.logentry", "pk": 15, "fields": {"action_time": "2020-06-08T10:11:53.143Z", "user": 1, "content_type": 11, "object_id": "4", "object_repr": "Sergili : CMP : 850 : 120", "action_flag": 1, "change_message": "[{\"added\": {}}]"}}, {"model": "admin.logentry", "pk": 16, "fields": {"action_time": "2020-06-08T10:12:14.279Z", "user": 1, "content_type": 11, "object_id": "5", "object_repr": "Namangan : CMP : 860 : 125", "action_flag": 1, "change_message": "[{\"added\": {}}]"}}, {"model": "admin.logentry", "pk": 17, "fields": {"action_time": "2020-06-08T10:16:08.470Z", "user": 1, "content_type": 7, "object_id": "9", "object_repr": "Samarkand", "action_flag": 1, "change_message": "[{\"added\": {}}]"}}, {"model": "admin.logentry", "pk": 18, "fields": {"action_time": "2020-06-08T10:16:18.727Z", "user": 1, "content_type": 10, "object_id": "8", "object_repr": "130", "action_flag": 1, "change_message": "[{\"added\": {}}]"}}, {"model": "admin.logentry", "pk": 19, "fields": {"action_time": "2020-06-08T10:16:25.622Z", "user": 1, "content_type": 11, "object_id": "6", "object_repr": "Samarkand : CMP : 850 : 130", "action_flag": 1, "change_message": "[{\"added\": {}}]"}}, {"model": "admin.logentry", "pk": 20, "fields": {"action_time": "2020-06-08T10:16:55.156Z", "user": 1, "content_type": 10, "object_id": "9", "object_repr": "160", "action_flag": 1, "change_message": "[{\"added\": {}}]"}}, {"model": "admin.logentry", "pk": 21, "fields": {"action_time": "2020-06-08T10:17:02.589Z", "user": 1, "content_type": 11, "object_id": "7", "object_repr": "Nafis : CMP : 1100 : 160", "action_flag": 1, "change_message": "[{\"added\": {}}]"}}, {"model": "admin.logentry", "pk": 22, "fields": {"action_time": "2020-06-08T10:18:20.926Z", "user": 1, "content_type": 7, "object_id": "10", "object_repr": "Arhangelsk", "action_flag": 1, "change_message": "[{\"added\": {}}]"}}, {"model": "admin.logentry", "pk": 23, "fields": {"action_time": "2020-06-08T10:18:39.005Z", "user": 1, "content_type": 10, "object_id": "10", "object_repr": "100", "action_flag": 1, "change_message": "[{\"added\": {}}]"}}, {"model": "admin.logentry", "pk": 24, "fields": {"action_time": "2020-06-08T10:18:45.089Z", "user": 1, "content_type": 11, "object_id": "8", "object_repr": "Arhangelsk : KLB : 1100 : 100", "action_flag": 1, "change_message": "[{\"added\": {}}]"}}, {"model": "admin.logentry", "pk": 25, "fields": {"action_time": "2020-06-08T10:19:00.952Z", "user": 1, "content_type": 9, "object_id": "14", "object_repr": "1200", "action_flag": 1, "change_message": "[{\"added\": {}}]"}}, {"model": "admin.logentry", "pk": 26, "fields": {"action_time": "2020-06-08T10:19:08.850Z", "user": 1, "content_type": 11, "object_id": "9", "object_repr": "Arhangelsk : KLB : 1200 : 100", "action_flag": 1, "change_message": "[{\"added\": {}}]"}}, {"model": "admin.logentry", "pk": 27, "fields": {"action_time": "2020-06-08T10:19:33.513Z", "user": 1, "content_type": 9, "object_id": "15", "object_repr": "900", "action_flag": 1, "change_message": "[{\"added\": {}}]"}}, {"model": "admin.logentry", "pk": 28, "fields": {"action_time": "2020-06-08T10:19:37.992Z", "user": 1, "content_type": 11, "object_id": "10", "object_repr": "Arhangelsk : KLB : 900 : 100", "action_flag": 1, "change_message": "[{\"added\": {}}]"}}, {"model": "admin.logentry", "pk": 29, "fields": {"action_time": "2020-06-08T10:29:32.589Z", "user": 1, "content_type": 12, "object_id": "4", "object_repr": "Sergili : CMP format: 850 grammage: 120 current weight: 650 initial weight: 650 income date: 2020-06-08 10:29:32.577885+00:00", "action_flag": 1, "change_message": "[{\"added\": {}}]"}}, {"model": "admin.logentry", "pk": 30, "fields": {"action_time": "2020-06-17T05:18:40.014Z", "user": 1, "content_type": 12, "object_id": "6", "object_repr": "Sergili : CMP format: 850 grammage: 120 current weight: 0.0 initial weight: 650.0 income date: 2020-06-08 10:29:32.577000+00:00", "action_flag": 2, "change_message": "[{\"changed\": {\"fields\": [\"Current weight\"]}}]"}}, {"model": "admin.logentry", "pk": 31, "fields": {"action_time": "2020-06-17T05:28:06.000Z", "user": 1, "content_type": 12, "object_id": "8", "object_repr": "Sergili : CMP format: 850 grammage: 120 current weight: 500.0 initial weight: 650.0 income date: 2020-06-08 10:29:32.577000+00:00", "action_flag": 2, "change_message": "[{\"changed\": {\"fields\": [\"Current weight\"]}}]"}}, {"model": "admin.logentry", "pk": 32, "fields": {"action_time": "2020-06-17T05:28:14.353Z", "user": 1, "content_type": 12, "object_id": "7", "object_repr": "Sergili : CMP format: 850 grammage: 120 current weight: 500.0 initial weight: 650.0 income date: 2020-06-08 10:29:32.577000+00:00", "action_flag": 2, "change_message": "[{\"changed\": {\"fields\": [\"Current weight\"]}}]"}}, {"model": "admin.logentry", "pk": 33, "fields": {"action_time": "2020-06-17T05:28:18.931Z", "user": 1, "content_type": 12, "object_id": "6", "object_repr": "Sergili : CMP format: 850 grammage: 120 current weight: 500.0 initial weight: 650.0 income date: 2020-06-08 10:29:32.577000+00:00", "action_flag": 2, "change_message": "[{\"changed\": {\"fields\": [\"Current weight\"]}}]"}}, {"model": "admin.logentry", "pk": 34, "fields": {"action_time": "2020-06-17T06:53:30.824Z", "user": 1, "content_type": 12, "object_id": "8", "object_repr": "Sergili : CMP format: 850 grammage: 120 current weight: 500.0 initial weight: 650.0 income date: 2020-06-08 10:29:32.577000+00:00", "action_flag": 2, "change_message": "[{\"changed\": {\"fields\": [\"Current weight\"]}}]"}}, {"model": "admin.logentry", "pk": 35, "fields": {"action_time": "2020-06-17T06:53:35.830Z", "user": 1, "content_type": 12, "object_id": "7", "object_repr": "Sergili : CMP format: 850 grammage: 120 current weight: 500.0 initial weight: 650.0 income date: 2020-06-08 10:29:32.577000+00:00", "action_flag": 2, "change_message": "[{\"changed\": {\"fields\": [\"Current weight\"]}}]"}}, {"model": "admin.logentry", "pk": 36, "fields": {"action_time": "2020-06-17T06:53:41.002Z", "user": 1, "content_type": 12, "object_id": "6", "object_repr": "Sergili : CMP format: 850 grammage: 120 current weight: 500.0 initial weight: 650.0 income date: 2020-06-08 10:29:32.577000+00:00", "action_flag": 2, "change_message": "[{\"changed\": {\"fields\": [\"Current weight\"]}}]"}}, {"model": "admin.logentry", "pk": 37, "fields": {"action_time": "2020-06-17T06:53:46.910Z", "user": 1, "content_type": 12, "object_id": "5", "object_repr": "Sergili : CMP format: 850 grammage: 120 current weight: 500.0 initial weight: 650.0 income date: 2020-06-08 10:29:32.577000+00:00", "action_flag": 2, "change_message": "[{\"changed\": {\"fields\": [\"Current weight\"]}}]"}}, {"model": "admin.logentry", "pk": 38, "fields": {"action_time": "2020-07-14T20:06:00.441Z", "user": 1, "content_type": 4, "object_id": "1", "object_repr": "jasurn", "action_flag": 2, "change_message": "[{\"changed\": {\"fields\": [\"Superuser status\"]}}]"}}, {"model": "admin.logentry", "pk": 39, "fields": {"action_time": "2020-07-16T12:30:53.615Z", "user": 1, "content_type": 4, "object_id": "1", "object_repr": "jasurn", "action_flag": 2, "change_message": "[{\"changed\": {\"fields\": [\"Groups\"]}}]"}}, {"model": "admin.logentry", "pk": 40, "fields": {"action_time": "2020-07-16T12:32:52.551Z", "user": 1, "content_type": 4, "object_id": "2", "object_repr": "kwon", "action_flag": 2, "change_message": "[{\"changed\": {\"fields\": [\"Staff status\", \"Groups\"]}}]"}}, {"model": "admin.logentry", "pk": 41, "fields": {"action_time": "2020-07-16T12:37:15.769Z", "user": 1, "content_type": 3, "object_id": "2", "object_repr": "warehouse view", "action_flag": 1, "change_message": "[{\"added\": {}}]"}}, {"model": "admin.logentry", "pk": 42, "fields": {"action_time": "2020-07-16T12:37:26.753Z", "user": 1, "content_type": 4, "object_id": "1", "object_repr": "jasurn", "action_flag": 2, "change_message": "[{\"changed\": {\"fields\": [\"Groups\"]}}]"}}, {"model": "admin.logentry", "pk": 43, "fields": {"action_time": "2020-07-16T12:46:21.028Z", "user": 1, "content_type": 3, "object_id": "1", "object_repr": "warehouse_manager", "action_flag": 2, "change_message": "[{\"changed\": {\"fields\": [\"Name\"]}}]"}}, {"model": "admin.logentry", "pk": 44, "fields": {"action_time": "2020-07-16T12:46:27.957Z", "user": 1, "content_type": 3, "object_id": "2", "object_repr": "warehouse_view", "action_flag": 2, "change_message": "[{\"changed\": {\"fields\": [\"Name\"]}}]"}}, {"model": "admin.logentry", "pk": 45, "fields": {"action_time": "2020-07-16T13:02:51.484Z", "user": 1, "content_type": 4, "object_id": "3", "object_repr": "jasur", "action_flag": 2, "change_message": "[{\"changed\": {\"fields\": [\"Groups\"]}}]"}}, {"model": "admin.logentry", "pk": 46, "fields": {"action_time": "2020-07-16T13:02:57.775Z", "user": 1, "content_type": 4, "object_id": "1", "object_repr": "jasurn", "action_flag": 2, "change_message": "[{\"changed\": {\"fields\": [\"Groups\"]}}]"}}, {"model": "admin.logentry", "pk": 47, "fields": {"action_time": "2020-07-16T13:06:26.608Z", "user": 1, "content_type": 4, "object_id": "1", "object_repr": "jasurn", "action_flag": 2, "change_message": "[{\"changed\": {\"fields\": [\"Groups\"]}}]"}}, {"model": "admin.logentry", "pk": 48, "fields": {"action_time": "2020-07-20T15:10:50.340Z", "user": 1, "content_type": 7, "object_id": "10", "object_repr": "Arhangelsk", "action_flag": 2, "change_message": "[{\"changed\": {\"fields\": [\"Short name\"]}}]"}}, {"model": "admin.logentry", "pk": 49, "fields": {"action_time": "2020-07-20T15:10:56.153Z", "user": 1, "content_type": 7, "object_id": "9", "object_repr": "Samarkand", "action_flag": 2, "change_message": "[{\"changed\": {\"fields\": [\"Short name\"]}}]"}}, {"model": "admin.logentry", "pk": 50, "fields": {"action_time": "2020-07-22T04:58:09.693Z", "user": 1, "content_type": 12, "object_id": "43", "object_repr": "Arhangelsk : CMP format: 900 grammage: 135 current weight: 1000.0 initial weight: 1000.0 income date: 2020-07-19 17:40:24.682201+00:00", "action_flag": 3, "change_message": ""}}, {"model": "admin.logentry", "pk": 51, "fields": {"action_time": "2020-07-22T04:58:09.702Z", "user": 1, "content_type": 12, "object_id": "42", "object_repr": "Sergili : CMP format: 1550 grammage: 150 current weight: 321.0 initial weight: 321.0 income date: 2020-07-14 00:29:34.993644+00:00", "action_flag": 3, "change_message": ""}}, {"model": "admin.logentry", "pk": 52, "fields": {"action_time": "2020-07-22T04:58:09.705Z", "user": 1, "content_type": 12, "object_id": "41", "object_repr": "Bratsk : KLB format: 1200 grammage: 100 current weight: 445.0 initial weight: 445.0 income date: 2020-07-14 00:28:34.259383+00:00", "action_flag": 3, "change_message": ""}}, {"model": "admin.logentry", "pk": 53, "fields": {"action_time": "2020-07-22T04:58:09.708Z", "user": 1, "content_type": 12, "object_id": "40", "object_repr": "Bratsk : KLB format: 1200 grammage: 100 current weight: 444.0 initial weight: 444.0 income date: 2020-07-14 00:26:06.635740+00:00", "action_flag": 3, "change_message": ""}}, {"model": "admin.logentry", "pk": 54, "fields": {"action_time": "2020-07-22T04:58:09.711Z", "user": 1, "content_type": 12, "object_id": "39", "object_repr": "Samarkand : CMP format: 1200 grammage: 130 current weight: 1000.0 initial weight: 1000.0 income date: 2020-07-14 00:25:16.881003+00:00", "action_flag": 3, "change_message": ""}}, {"model": "admin.logentry", "pk": 55, "fields": {"action_time": "2020-07-22T04:58:09.714Z", "user": 1, "content_type": 12, "object_id": "38", "object_repr": "Nafis : CMP format: 1200 grammage: 160 current weight: 1111.0 initial weight: 1111.0 income date: 2020-07-13 17:34:57.207763+00:00", "action_flag": 3, "change_message": ""}}, {"model": "admin.logentry", "pk": 56, "fields": {"action_time": "2020-07-22T04:58:09.717Z", "user": 1, "content_type": 12, "object_id": "37", "object_repr": "Sergili : CMP format: 850 grammage: 125 current weight: 450.0 initial weight: 450.0 income date: 2020-07-13 15:06:39.349932+00:00", "action_flag": 3, "change_message": ""}}, {"model": "admin.logentry", "pk": 57, "fields": {"action_time": "2020-07-22T04:58:09.720Z", "user": 1, "content_type": 12, "object_id": "36", "object_repr": "Samarkand : CMP format: 1550 grammage: 160 current weight: 0.0 initial weight: 1000.0 income date: 2020-07-07 12:45:13.841643+00:00", "action_flag": 3, "change_message": ""}}, {"model": "admin.logentry", "pk": 58, "fields": {"action_time": "2020-07-22T04:58:09.723Z", "user": 1, "content_type": 12, "object_id": "35", "object_repr": "Sergili : CMP format: 1450 grammage: 160 current weight: 1111.0 initial weight: 1111.0 income date: 2020-06-25 11:07:56.807558+00:00", "action_flag": 3, "change_message": ""}}, {"model": "admin.logentry", "pk": 59, "fields": {"action_time": "2020-07-22T04:58:09.726Z", "user": 1, "content_type": 12, "object_id": "34", "object_repr": "Samarkand : CMP format: 1410 grammage: 160 current weight: 1000.0 initial weight: 1000.0 income date: 2020-06-18 11:44:21.836395+00:00", "action_flag": 3, "change_message": ""}}, {"model": "admin.logentry", "pk": 60, "fields": {"action_time": "2020-07-22T04:58:09.728Z", "user": 1, "content_type": 12, "object_id": "33", "object_repr": "Samarkand : CMP format: 1450 grammage: 160 current weight: 1000.0 initial weight: 1000.0 income date: 2020-06-18 11:44:15.457574+00:00", "action_flag": 3, "change_message": ""}}, {"model": "admin.logentry", "pk": 61, "fields": {"action_time": "2020-07-22T04:58:09.730Z", "user": 1, "content_type": 12, "object_id": "32", "object_repr": "Samarkand : CMP format: 1450 grammage: 130 current weight: 1000.0 initial weight: 1000.0 income date: 2020-06-18 11:44:06.530732+00:00", "action_flag": 3, "change_message": ""}}, {"model": "admin.logentry", "pk": 62, "fields": {"action_time": "2020-07-22T04:58:09.734Z", "user": 1, "content_type": 12, "object_id": "31", "object_repr": "Samarkand : CMP format: 1450 grammage: 130 current weight: 1000.0 initial weight: 1000.0 income date: 2020-06-18 11:37:00.029835+00:00", "action_flag": 3, "change_message": ""}}, {"model": "admin.logentry", "pk": 63, "fields": {"action_time": "2020-07-22T04:58:09.738Z", "user": 1, "content_type": 12, "object_id": "30", "object_repr": "Samarkand : CMP format: 1450 grammage: 130 current weight: 1000.0 initial weight: 1000.0 income date: 2020-06-18 11:36:40.918176+00:00", "action_flag": 3, "change_message": ""}}, {"model": "admin.logentry", "pk": 64, "fields": {"action_time": "2020-07-22T04:58:09.741Z", "user": 1, "content_type": 12, "object_id": "24", "object_repr": "Namangan : CMP format: 1450 grammage: 120 current weight: 444.0 initial weight: 1000.0 income date: 2020-06-18 11:33:37.116121+00:00", "action_flag": 3, "change_message": ""}}, {"model": "admin.logentry", "pk": 65, "fields": {"action_time": "2020-07-22T04:58:09.744Z", "user": 1, "content_type": 12, "object_id": "23", "object_repr": "Namangan : CMP format: 1450 grammage: 120 current weight: 0.0 initial weight: 1000.0 income date: 2020-06-18 11:33:23.555277+00:00", "action_flag": 3, "change_message": ""}}, {"model": "admin.logentry", "pk": 66, "fields": {"action_time": "2020-07-22T04:58:09.746Z", "user": 1, "content_type": 12, "object_id": "22", "object_repr": "Namangan : CMP format: 1450 grammage: 120 current weight: 0.0 initial weight: 1000.0 income date: 2020-06-18 11:33:22.127592+00:00", "action_flag": 3, "change_message": ""}}, {"model": "admin.logentry", "pk": 67, "fields": {"action_time": "2020-07-22T04:58:09.752Z", "user": 1, "content_type": 12, "object_id": "21", "object_repr": "PTSBK : CMP format: 1450 grammage: 120 current weight: 0.0 initial weight: 1000.0 income date: 2020-06-18 11:33:09.950486+00:00", "action_flag": 3, "change_message": ""}}, {"model": "admin.logentry", "pk": 68, "fields": {"action_time": "2020-07-22T04:58:09.758Z", "user": 1, "content_type": 12, "object_id": "20", "object_repr": "PTSBK : CMP format: 1450 grammage: 120 current weight: 100.0 initial weight: 1000.0 income date: 2020-06-18 11:32:56.549518+00:00", "action_flag": 3, "change_message": ""}}, {"model": "admin.logentry", "pk": 69, "fields": {"action_time": "2020-07-22T04:58:09.763Z", "user": 1, "content_type": 12, "object_id": "19", "object_repr": "Sergili : CMP format: 850 grammage: 120 current weight: 100.0 initial weight: 100.0 income date: 2020-06-18 11:08:43.204173+00:00", "action_flag": 3, "change_message": ""}}, {"model": "admin.logentry", "pk": 70, "fields": {"action_time": "2020-07-22T04:58:09.769Z", "user": 1, "content_type": 12, "object_id": "18", "object_repr": "Sergili : CMP format: 850 grammage: 120 current weight: 100.0 initial weight: 100.0 income date: 2020-06-18 11:08:42.507164+00:00", "action_flag": 3, "change_message": ""}}, {"model": "admin.logentry", "pk": 71, "fields": {"action_time": "2020-07-22T04:58:09.773Z", "user": 1, "content_type": 12, "object_id": "17", "object_repr": "Sergili : CMP format: 850 grammage: 120 current weight: 100.0 initial weight: 100.0 income date: 2020-06-18 11:08:41.729787+00:00", "action_flag": 3, "change_message": ""}}, {"model": "admin.logentry", "pk": 72, "fields": {"action_time": "2020-07-22T04:58:09.776Z", "user": 1, "content_type": 12, "object_id": "16", "object_repr": "Sergili : CMP format: 850 grammage: 120 current weight: 100.0 initial weight: 100.0 income date: 2020-06-18 11:08:38.964523+00:00", "action_flag": 3, "change_message": ""}}, {"model": "admin.logentry", "pk": 73, "fields": {"action_time": "2020-07-22T04:58:09.778Z", "user": 1, "content_type": 12, "object_id": "15", "object_repr": "Sergili : CMP format: 850 grammage: 120 current weight: 100.0 initial weight: 100.0 income date: 2020-06-18 11:08:37.472951+00:00", "action_flag": 3, "change_message": ""}}, {"model": "admin.logentry", "pk": 74, "fields": {"action_time": "2020-07-22T04:58:09.781Z", "user": 1, "content_type": 12, "object_id": "14", "object_repr": "Sergili : CMP format: 850 grammage: 120 current weight: 100.0 initial weight: 100.0 income date: 2020-06-18 11:08:25.653355+00:00", "action_flag": 3, "change_message": ""}}, {"model": "admin.logentry", "pk": 75, "fields": {"action_time": "2020-07-22T04:58:09.784Z", "user": 1, "content_type": 12, "object_id": "13", "object_repr": "Sergili : CMP format: 850 grammage: 120 current weight: 100.0 initial weight: 100.0 income date: 2020-06-18 11:06:09.802242+00:00", "action_flag": 3, "change_message": ""}}, {"model": "admin.logentry", "pk": 76, "fields": {"action_time": "2020-07-22T04:58:09.787Z", "user": 1, "content_type": 12, "object_id": "12", "object_repr": "Sergili : CMP format: 850 grammage: 120 current weight: 100.0 initial weight: 100.0 income date: 2020-06-18 11:06:00.908195+00:00", "action_flag": 3, "change_message": ""}}, {"model": "admin.logentry", "pk": 77, "fields": {"action_time": "2020-07-22T04:58:09.791Z", "user": 1, "content_type": 12, "object_id": "10", "object_repr": "Sergili : CMP format: 850 grammage: 120 current weight: 100.0 initial weight: 100.0 income date: 2020-06-18 11:04:05.087753+00:00", "action_flag": 3, "change_message": ""}}, {"model": "admin.logentry", "pk": 78, "fields": {"action_time": "2020-07-22T04:58:09.793Z", "user": 1, "content_type": 12, "object_id": "9", "object_repr": "Sergili : CMP format: 850 grammage: 120 current weight: 100.0 initial weight: 100.0 income date: 2020-06-18 10:59:37.698574+00:00", "action_flag": 3, "change_message": ""}}, {"model": "admin.logentry", "pk": 79, "fields": {"action_time": "2020-07-22T04:58:09.796Z", "user": 1, "content_type": 12, "object_id": "8", "object_repr": "Sergili : CMP format: 850 grammage: 120 current weight: 100.0 initial weight: 650.0 income date: 2020-06-08 10:29:32.577000+00:00", "action_flag": 3, "change_message": ""}}, {"model": "admin.logentry", "pk": 80, "fields": {"action_time": "2020-07-22T04:58:09.798Z", "user": 1, "content_type": 12, "object_id": "7", "object_repr": "Sergili : CMP format: 850 grammage: 120 current weight: 100.0 initial weight: 650.0 income date: 2020-06-08 10:29:32.577000+00:00", "action_flag": 3, "change_message": ""}}, {"model": "admin.logentry", "pk": 81, "fields": {"action_time": "2020-07-22T04:58:09.803Z", "user": 1, "content_type": 12, "object_id": "6", "object_repr": "Sergili : CMP format: 850 grammage: 120 current weight: 0.0 initial weight: 650.0 income date: 2020-06-08 10:29:32.577000+00:00", "action_flag": 3, "change_message": ""}}, {"model": "admin.logentry", "pk": 82, "fields": {"action_time": "2020-07-22T04:58:09.806Z", "user": 1, "content_type": 12, "object_id": "5", "object_repr": "Sergili : CMP format: 850 grammage: 120 current weight: 500.0 initial weight: 650.0 income date: 2020-06-08 10:29:32.577000+00:00", "action_flag": 3, "change_message": ""}}, {"model": "admin.logentry", "pk": 83, "fields": {"action_time": "2020-07-22T04:58:09.808Z", "user": 1, "content_type": 12, "object_id": "4", "object_repr": "Sergili : CMP format: 850 grammage: 120 current weight: 650.0 initial weight: 650.0 income date: 2020-06-08 10:29:32.577885+00:00", "action_flag": 3, "change_message": ""}}, {"model": "admin.logentry", "pk": 84, "fields": {"action_time": "2020-07-22T04:58:09.811Z", "user": 1, "content_type": 12, "object_id": "3", "object_repr": "Namangan : CMP format: 1000 grammage: 120 current weight: 10000.0 initial weight: 1002.0 income date: 2020-06-05 06:32:58.887000+00:00", "action_flag": 3, "change_message": ""}}, {"model": "admin.logentry", "pk": 85, "fields": {"action_time": "2020-07-22T04:58:09.813Z", "user": 1, "content_type": 12, "object_id": "2", "object_repr": "Namangan : CMP format: 1000 grammage: 120 current weight: 1.0 initial weight: 112.0 income date: 2020-06-05 05:50:04.935000+00:00", "action_flag": 3, "change_message": ""}}, {"model": "admin.logentry", "pk": 86, "fields": {"action_time": "2020-07-22T04:58:09.816Z", "user": 1, "content_type": 12, "object_id": "1", "object_repr": "Bratsk : KLB format: 910 grammage: 115 current weight: 0.0 initial weight: 1000.0 income date: 2020-05-22 06:43:33.531000+00:00", "action_flag": 3, "change_message": ""}}, {"model": "admin.logentry", "pk": 87, "fields": {"action_time": "2020-07-22T05:04:58.963Z", "user": 1, "content_type": 12, "object_id": "53", "object_repr": "Nafis : CMP format: 900 grammage: 100 current weight: 1000.0 initial weight: 1000.0 income date: 2020-07-22 04:57:19.808391+00:00", "action_flag": 3, "change_message": ""}}, {"model": "admin.logentry", "pk": 88, "fields": {"action_time": "2020-07-22T05:04:58.968Z", "user": 1, "content_type": 12, "object_id": "52", "object_repr": "Nafis : CMP format: 1200 grammage: 100 current weight: 1000.0 initial weight: 1000.0 income date: 2020-07-22 04:57:05.447519+00:00", "action_flag": 3, "change_message": ""}}, {"model": "admin.logentry", "pk": 89, "fields": {"action_time": "2020-07-22T05:04:58.970Z", "user": 1, "content_type": 12, "object_id": "51", "object_repr": "Nafis : CMP format: 1200 grammage: 100 current weight: 1000.0 initial weight: 1000.0 income date: 2020-07-22 04:56:40.458637+00:00", "action_flag": 3, "change_message": ""}}, {"model": "admin.logentry", "pk": 90, "fields": {"action_time": "2020-07-22T05:04:58.973Z", "user": 1, "content_type": 12, "object_id": "47", "object_repr": "Nafis : CMP format: 1200 grammage: 160 current weight: 1000.0 initial weight: 1000.0 income date: 2020-07-22 04:19:54.145891+00:00", "action_flag": 3, "change_message": ""}}, {"model": "admin.logentry", "pk": 91, "fields": {"action_time": "2020-07-22T05:04:58.975Z", "user": 1, "content_type": 12, "object_id": "46", "object_repr": "Nafis : CMP format: 900 grammage: 100 current weight: 1000.0 initial weight: 1000.0 income date: 2020-07-22 04:18:45.778291+00:00", "action_flag": 3, "change_message": ""}}, {"model": "admin.logentry", "pk": 92, "fields": {"action_time": "2020-07-22T05:04:58.978Z", "user": 1, "content_type": 12, "object_id": "45", "object_repr": "Samarkand : CMP format: 1550 grammage: 130 current weight: 800.0 initial weight: 800.0 income date: 2020-07-20 15:11:34.959051+00:00", "action_flag": 3, "change_message": ""}}, {"model": "admin.logentry", "pk": 93, "fields": {"action_time": "2020-07-22T05:04:58.981Z", "user": 1, "content_type": 12, "object_id": "44", "object_repr": "Samarkand : CMP format: 900 grammage: 160 current weight: 1000.0 initial weight: 1000.0 income date: 2020-07-20 15:09:05.932054+00:00", "action_flag": 3, "change_message": ""}}, {"model": "admin.logentry", "pk": 94, "fields": {"action_time": "2020-08-03T13:32:47.761Z", "user": 1, "content_type": 21, "object_id": "1", "object_repr": "Customer object (1)", "action_flag": 1, "change_message": "[{\"added\": {}}]"}}, {"model": "admin.logentry", "pk": 95, "fields": {"action_time": "2020-08-03T13:33:52.828Z", "user": 1, "content_type": 21, "object_id": "2", "object_repr": "Good Food", "action_flag": 1, "change_message": "[{\"added\": {}}]"}}, {"model": "admin.logentry", "pk": 96, "fields": {"action_time": "2020-08-03T13:34:00.802Z", "user": 1, "content_type": 21, "object_id": "3", "object_repr": "UZTEX", "action_flag": 1, "change_message": "[{\"added\": {}}]"}}, {"model": "admin.logentry", "pk": 97, "fields": {"action_time": "2020-08-03T13:34:57.856Z", "user": 1, "content_type": 20, "object_id": "1", "object_repr": "Box object (1)", "action_flag": 1, "change_message": "[{\"added\": {}}]"}}, {"model": "admin.logentry", "pk": 98, "fields": {"action_time": "2020-08-03T13:35:13.824Z", "user": 1, "content_type": 20, "object_id": "2", "object_repr": "Box object (2)", "action_flag": 1, "change_message": "[{\"added\": {}}]"}}, {"model": "admin.logentry", "pk": 99, "fields": {"action_time": "2020-08-03T13:38:55.088Z", "user": 1, "content_type": 21, "object_id": "3", "object_repr": "Uz Tex Group", "action_flag": 2, "change_message": "[{\"changed\": {\"fields\": [\"Name\"]}}]"}}, {"model": "admin.logentry", "pk": 100, "fields": {"action_time": "2020-08-03T13:39:07.350Z", "user": 1, "content_type": 18, "object_id": "1", "object_repr": "Contract object (1)", "action_flag": 1, "change_message": "[{\"added\": {}}]"}}, {"model": "admin.logentry", "pk": 101, "fields": {"action_time": "2020-08-03T13:44:02.908Z", "user": 1, "content_type": 19, "object_id": "1", "object_repr": "Uz Tex Group DPC LB 190503 442x236x571 KSK2020-08-09 1000", "action_flag": 1, "change_message": "[{\"added\": {}}]"}}, {"model": "admin.logentry", "pk": 102, "fields": {"action_time": "2020-08-03T15:33:49.297Z", "user": 1, "content_type": 21, "object_id": "1", "object_repr": "Uz Tex Group", "action_flag": 1, "change_message": "[{\"added\": {}}]"}}, {"model": "admin.logentry", "pk": 103, "fields": {"action_time": "2020-08-03T15:34:19.497Z", "user": 1, "content_type": 20, "object_id": "1", "object_repr": "Uz Tex Group 442x236x571 KSK", "action_flag": 1, "change_message": "[{\"added\": {}}]"}}, {"model": "admin.logentry", "pk": 104, "fields": {"action_time": "2020-08-03T15:34:30.906Z", "user": 1, "content_type": 18, "object_id": "1", "object_repr": "Uz Tex Group DPC LB 190503", "action_flag": 1, "change_message": "[{\"added\": {}}]"}}, {"model": "admin.logentry", "pk": 105, "fields": {"action_time": "2020-08-03T15:35:04.148Z", "user": 1, "content_type": 19, "object_id": "1", "object_repr": "Uz Tex Group DPC LB 190503 442x236x571 KSK 2020-08-05 1000 1000 0", "action_flag": 1, "change_message": "[{\"added\": {}}]"}}, {"model": "admin.logentry", "pk": 106, "fields": {"action_time": "2020-08-03T17:50:25.319Z", "user": 1, "content_type": 3, "object_id": "3", "object_repr": "sales_manager", "action_flag": 1, "change_message": "[{\"added\": {}}]"}}, {"model": "admin.logentry", "pk": 107, "fields": {"action_time": "2020-08-03T17:50:54.186Z", "user": 1, "content_type": 3, "object_id": "4", "object_repr": "sales_view", "action_flag": 1, "change_message": "[{\"added\": {}}]"}}, {"model": "admin.logentry", "pk": 108, "fields": {"action_time": "2020-08-03T17:51:09.621Z", "user": 1, "content_type": 4, "object_id": "1", "object_repr": "jasurn", "action_flag": 2, "change_message": "[{\"changed\": {\"fields\": [\"Groups\"]}}]"}}, {"model": "admin.logentry", "pk": 109, "fields": {"action_time": "2020-08-03T17:51:21.719Z", "user": 1, "content_type": 4, "object_id": "2", "object_repr": "kwon", "action_flag": 2, "change_message": "[{\"changed\": {\"fields\": [\"Groups\"]}}]"}}, {"model": "admin.logentry", "pk": 110, "fields": {"action_time": "2020-08-03T17:52:07.232Z", "user": 1, "content_type": 4, "object_id": "2", "object_repr": "kwon", "action_flag": 2, "change_message": "[]"}}, {"model": "admin.logentry", "pk": 111, "fields": {"action_time": "2020-08-03T18:09:46.018Z", "user": 1, "content_type": 4, "object_id": "7", "object_repr": "wm", "action_flag": 1, "change_message": "[{\"added\": {}}]"}}, {"model": "admin.logentry", "pk": 112, "fields": {"action_time": "2020-08-03T18:09:53.503Z", "user": 1, "content_type": 4, "object_id": "7", "object_repr": "wm", "action_flag": 2, "change_message": "[{\"changed\": {\"fields\": [\"Groups\"]}}]"}}, {"model": "admin.logentry", "pk": 113, "fields": {"action_time": "2020-08-05T19:23:10.151Z", "user": 1, "content_type": 4, "object_id": "3", "object_repr": "jasur", "action_flag": 3, "change_message": ""}}, {"model": "admin.logentry", "pk": 114, "fields": {"action_time": "2020-08-05T19:23:10.164Z", "user": 1, "content_type": 4, "object_id": "4", "object_repr": "jasur1", "action_flag": 3, "change_message": ""}}, {"model": "admin.logentry", "pk": 115, "fields": {"action_time": "2020-08-05T19:23:10.167Z", "user": 1, "content_type": 4, "object_id": "5", "object_repr": "jasur12", "action_flag": 3, "change_message": ""}}, {"model": "admin.logentry", "pk": 116, "fields": {"action_time": "2020-08-05T19:23:10.170Z", "user": 1, "content_type": 4, "object_id": "6", "object_repr": "jasur123", "action_flag": 3, "change_message": ""}}, {"model": "admin.logentry", "pk": 117, "fields": {"action_time": "2020-08-05T19:23:55.695Z", "user": 1, "content_type": 4, "object_id": "3", "object_repr": "jasur", "action_flag": 3, "change_message": ""}}, {"model": "admin.logentry", "pk": 118, "fields": {"action_time": "2020-08-05T19:23:55.700Z", "user": 1, "content_type": 4, "object_id": "4", "object_repr": "jasur1", "action_flag": 3, "change_message": ""}}, {"model": "admin.logentry", "pk": 119, "fields": {"action_time": "2020-08-05T19:23:55.702Z", "user": 1, "content_type": 4, "object_id": "5", "object_repr": "jasur12", "action_flag": 3, "change_message": ""}}, {"model": "admin.logentry", "pk": 120, "fields": {"action_time": "2020-08-05T19:23:55.705Z", "user": 1, "content_type": 4, "object_id": "6", "object_repr": "jasur123", "action_flag": 3, "change_message": ""}}, {"model": "admin.logentry", "pk": 121, "fields": {"action_time": "2020-08-05T19:24:08.265Z", "user": 1, "content_type": 4, "object_id": "7", "object_repr": "wv", "action_flag": 2, "change_message": "[{\"changed\": {\"fields\": [\"Username\"]}}]"}}, {"model": "admin.logentry", "pk": 122, "fields": {"action_time": "2020-08-08T11:47:50.161Z", "user": 1, "content_type": 18, "object_id": "2", "object_repr": "UzBAT DPC LB 190504", "action_flag": 1, "change_message": "[{\"added\": {}}]"}}, {"model": "admin.logentry", "pk": 123, "fields": {"action_time": "2020-08-13T19:46:20.608Z", "user": 1, "content_type": 4, "object_id": "8", "object_repr": "jenya", "action_flag": 1, "change_message": "[{\"added\": {}}]"}}, {"model": "admin.logentry", "pk": 124, "fields": {"action_time": "2020-08-13T19:46:29.381Z", "user": 1, "content_type": 4, "object_id": "8", "object_repr": "jenya", "action_flag": 2, "change_message": "[{\"changed\": {\"fields\": [\"Groups\"]}}]"}}, {"model": "admin.logentry", "pk": 125, "fields": {"action_time": "2020-08-13T19:46:45.374Z", "user": 1, "content_type": 4, "object_id": "9", "object_repr": "marketing", "action_flag": 1, "change_message": "[{\"added\": {}}]"}}, {"model": "admin.logentry", "pk": 126, "fields": {"action_time": "2020-08-13T19:46:54.797Z", "user": 1, "content_type": 4, "object_id": "9", "object_repr": "marketing", "action_flag": 2, "change_message": "[{\"changed\": {\"fields\": [\"Groups\"]}}]"}}, {"model": "admin.logentry", "pk": 127, "fields": {"action_time": "2020-08-17T06:26:53.365Z", "user": 1, "content_type": 19, "object_id": "1", "object_repr": "Uz Tex Group DPC LB 190503 442x236x571 KSK 2020-08-05 1000 1000 1000", "action_flag": 3, "change_message": ""}}, {"model": "admin.logentry", "pk": 128, "fields": {"action_time": "2020-08-17T06:26:53.375Z", "user": 1, "content_type": 19, "object_id": "5", "object_repr": "UzBAT DPC LB 190504 500x400x235 SSSSS 2020-08-11 10000 1800 6200", "action_flag": 3, "change_message": ""}}, {"model": "admin.logentry", "pk": 129, "fields": {"action_time": "2020-08-17T06:26:53.377Z", "user": 1, "content_type": 19, "object_id": "6", "object_repr": "UzBAT DPC LB 190504 400x500x600 SSS 2020-08-19 2000 1000 1000", "action_flag": 3, "change_message": ""}}, {"model": "admin.logentry", "pk": 130, "fields": {"action_time": "2020-08-24T09:03:23.599Z", "user": 1, "content_type": 26, "object_id": "1", "object_repr": "Production object (1)", "action_flag": 1, "change_message": "[{\"added\": {}}]"}}, {"model": "admin.logentry", "pk": 131, "fields": {"action_time": "2020-08-24T09:24:45.618Z", "user": 1, "content_type": 3, "object_id": "5", "object_repr": "production_view", "action_flag": 1, "change_message": "[{\"added\": {}}]"}}, {"model": "admin.logentry", "pk": 132, "fields": {"action_time": "2020-08-24T09:25:08.941Z", "user": 1, "content_type": 4, "object_id": "1", "object_repr": "jasurn", "action_flag": 2, "change_message": "[{\"changed\": {\"fields\": [\"Groups\"]}}]"}}, {"model": "admin.logentry", "pk": 133, "fields": {"action_time": "2020-08-24T09:48:47.645Z", "user": 1, "content_type": 26, "object_id": "2", "object_repr": "Production object (2)", "action_flag": 1, "change_message": "[{\"added\": {}}]"}}, {"model": "admin.logentry", "pk": 134, "fields": {"action_time": "2020-08-24T10:28:41.844Z", "user": 1, "content_type": 26, "object_id": "3", "object_repr": "Production object (3)", "action_flag": 1, "change_message": "[{\"added\": {}}]"}}, {"model": "admin.logentry", "pk": 135, "fields": {"action_time": "2020-08-24T11:23:36.951Z", "user": 1, "content_type": 3, "object_id": "6", "object_repr": "production_manager", "action_flag": 1, "change_message": "[{\"added\": {}}]"}}, {"model": "admin.logentry", "pk": 136, "fields": {"action_time": "2020-08-24T11:23:47.347Z", "user": 1, "content_type": 4, "object_id": "1", "object_repr": "jasurn", "action_flag": 2, "change_message": "[{\"changed\": {\"fields\": [\"Groups\"]}}]"}}, {"model": "admin.logentry", "pk": 137, "fields": {"action_time": "2020-08-25T09:22:42.514Z", "user": 1, "content_type": 21, "object_id": "1", "object_repr": "Uz Tex Group", "action_flag": 2, "change_message": "[{\"changed\": {\"fields\": [\"Short name\"]}}]"}}, {"model": "admin.logentry", "pk": 138, "fields": {"action_time": "2020-08-25T09:22:48.061Z", "user": 1, "content_type": 21, "object_id": "2", "object_repr": "UzBAT", "action_flag": 2, "change_message": "[{\"changed\": {\"fields\": [\"Short name\"]}}]"}}, {"model": "admin.logentry", "pk": 139, "fields": {"action_time": "2020-08-25T09:22:55.143Z", "user": 1, "content_type": 21, "object_id": "4", "object_repr": "test1", "action_flag": 3, "change_message": ""}}, {"model": "admin.logentry", "pk": 140, "fields": {"action_time": "2020-08-25T09:23:11.691Z", "user": 1, "content_type": 21, "object_id": "3", "object_repr": "DTF", "action_flag": 2, "change_message": "[{\"changed\": {\"fields\": [\"Short name\"]}}]"}}, {"model": "admin.logentry", "pk": 141, "fields": {"action_time": "2020-08-25T11:20:51.068Z", "user": 1, "content_type": 19, "object_id": "7", "object_repr": "UzBAT DPC LB 190504 400x500x600 SSS 2020-08-19 1000 0 1000", "action_flag": 3, "change_message": ""}}, {"model": "admin.logentry", "pk": 142, "fields": {"action_time": "2020-08-25T11:20:51.075Z", "user": 1, "content_type": 19, "object_id": "8", "object_repr": "UzBAT DPC LB 190504 400x500x600 SSS 2020-08-18 1000 0 1000", "action_flag": 3, "change_message": ""}}, {"model": "admin.logentry", "pk": 143, "fields": {"action_time": "2020-08-25T11:20:51.078Z", "user": 1, "content_type": 19, "object_id": "9", "object_repr": "UzBAT DPC LB 190504 400x500x600 SSS 2020-08-21 2000 0 2000", "action_flag": 3, "change_message": ""}}, {"model": "admin.logentry", "pk": 144, "fields": {"action_time": "2020-08-25T11:20:51.080Z", "user": 1, "content_type": 19, "object_id": "10", "object_repr": "Uz Tex Group DPC LB 190503 400x500x600 SSS 2020-08-21 2000 0 2000", "action_flag": 3, "change_message": ""}}, {"model": "admin.logentry", "pk": 145, "fields": {"action_time": "2020-08-25T11:20:51.082Z", "user": 1, "content_type": 19, "object_id": "11", "object_repr": "UzBAT DPC LB 190504 400x500x600 SSS 2020-08-19 2000 1000 1000", "action_flag": 3, "change_message": ""}}, {"model": "admin.logentry", "pk": 146, "fields": {"action_time": "2020-08-25T11:20:51.084Z", "user": 1, "content_type": 19, "object_id": "12", "object_repr": "UzBAT DPC LB 190504 500x400x235 SSSSS 2020-08-17 1000 1000 0", "action_flag": 3, "change_message": ""}}, {"model": "admin.logentry", "pk": 147, "fields": {"action_time": "2020-08-25T11:20:51.087Z", "user": 1, "content_type": 19, "object_id": "13", "object_repr": "UzBAT DPC LB 190504 500x400x235 SSSSS 2020-08-18 1000 1000 0", "action_flag": 3, "change_message": ""}}, {"model": "admin.logentry", "pk": 148, "fields": {"action_time": "2020-08-25T11:20:51.089Z", "user": 1, "content_type": 19, "object_id": "14", "object_repr": "Uz Tex Group DPC LB 190503 500x400x235 SSSSS 2020-08-17 12 0 12", "action_flag": 3, "change_message": ""}}, {"model": "admin.logentry", "pk": 149, "fields": {"action_time": "2020-08-25T11:20:51.094Z", "user": 1, "content_type": 19, "object_id": "15", "object_repr": "UzBAT DPC LB 190504 500x400x300 KSS 2020-08-17 2000 2000 0", "action_flag": 3, "change_message": ""}}, {"model": "admin.logentry", "pk": 150, "fields": {"action_time": "2020-08-25T11:20:51.098Z", "user": 1, "content_type": 19, "object_id": "16", "object_repr": "UzBAT DPC LB 190504 500x400x235 SSSSS 2020-08-19 2000 2000 0", "action_flag": 3, "change_message": ""}}, {"model": "admin.logentry", "pk": 151, "fields": {"action_time": "2020-08-25T11:20:51.102Z", "user": 1, "content_type": 19, "object_id": "17", "object_repr": "UzBAT DPC LB 190504 400x500x600 SSS 2020-08-20 3000 3000 0", "action_flag": 3, "change_message": ""}}, {"model": "admin.logentry", "pk": 152, "fields": {"action_time": "2020-08-25T11:20:51.104Z", "user": 1, "content_type": 19, "object_id": "18", "object_repr": "Uz Tex Group DPC LB 190503 500x400x300 KSS 2020-08-22 2301 2301 0", "action_flag": 3, "change_message": ""}}, {"model": "admin.logentry", "pk": 153, "fields": {"action_time": "2020-08-25T11:20:51.107Z", "user": 1, "content_type": 19, "object_id": "19", "object_repr": "Uz Tex Group DPC LB 190503 500x400x300 KSS 2020-08-19 100 100 0", "action_flag": 3, "change_message": ""}}, {"model": "admin.logentry", "pk": 154, "fields": {"action_time": "2020-08-25T11:20:51.110Z", "user": 1, "content_type": 19, "object_id": "20", "object_repr": "Uz Tex Group DPC LB 190503 500x400x235 SSSSS 2020-08-27 1020 1020 0", "action_flag": 3, "change_message": ""}}, {"model": "admin.logentry", "pk": 155, "fields": {"action_time": "2020-08-25T11:20:51.113Z", "user": 1, "content_type": 19, "object_id": "21", "object_repr": "UzBAT DPC LB 190504 400x500x600 SSS 2020-08-28 1000 1000 0", "action_flag": 3, "change_message": ""}}, {"model": "admin.logentry", "pk": 156, "fields": {"action_time": "2020-08-25T11:20:51.116Z", "user": 1, "content_type": 19, "object_id": "22", "object_repr": "Uz Tex Group DPC LB 190503 500x400x300 KSS 2020-08-27 10000 10000 0", "action_flag": 3, "change_message": ""}}]