[{"model": "warehouse.paper_producer", "pk": 1, "fields": {"name": "Bratsk", "short_name": "BK"}}, {"model": "warehouse.paper_producer", "pk": 2, "fields": {"name": "ENSO", "short_name": "ENS"}}, {"model": "warehouse.paper_producer", "pk": 3, "fields": {"name": "Namangan", "short_name": "NMG"}}, {"model": "warehouse.paper_producer", "pk": 4, "fields": {"name": "PTSBK", "short_name": "PBK"}}, {"model": "warehouse.paper_producer", "pk": 5, "fields": {"name": "BSQ", "short_name": "BSQ"}}, {"model": "warehouse.paper_producer", "pk": 6, "fields": {"name": "Nafis", "short_name": "NFS"}}, {"model": "warehouse.paper_producer", "pk": 7, "fields": {"name": "Welkarton", "short_name": "WLK"}}, {"model": "warehouse.paper_producer", "pk": 8, "fields": {"name": "Sergili", "short_name": "SRG"}}, {"model": "warehouse.paper_producer", "pk": 9, "fields": {"name": "Samarkand", "short_name": "SMRK"}}, {"model": "warehouse.paper_producer", "pk": 10, "fields": {"name": "Arhangelsk", "short_name": "ARHK"}}, {"model": "warehouse.paper_type", "pk": 1, "fields": {"name": "KLB", "code": "K", "description": "cellulose"}}, {"model": "warehouse.paper_type", "pk": 2, "fields": {"name": "CMP", "code": "S", "description": "corrugated paper"}}, {"model": "warehouse.paper_format", "pk": 1, "fields": {"format": 800}}, {"model": "warehouse.paper_format", "pk": 2, "fields": {"format": 860}}, {"model": "warehouse.paper_format", "pk": 3, "fields": {"format": 910}}, {"model": "warehouse.paper_format", "pk": 4, "fields": {"format": 960}}, {"model": "warehouse.paper_format", "pk": 5, "fields": {"format": 1000}}, {"model": "warehouse.paper_format", "pk": 6, "fields": {"format": 1050}}, {"model": "warehouse.paper_format", "pk": 7, "fields": {"format": 1100}}, {"model": "warehouse.paper_format", "pk": 8, "fields": {"format": 1300}}, {"model": "warehouse.paper_format", "pk": 9, "fields": {"format": 1350}}, {"model": "warehouse.paper_format", "pk": 10, "fields": {"format": 1410}}, {"model": "warehouse.paper_format", "pk": 11, "fields": {"format": 1450}}, {"model": "warehouse.paper_format", "pk": 12, "fields": {"format": 1550}}, {"model": "warehouse.paper_format", "pk": 13, "fields": {"format": 850}}, {"model": "warehouse.paper_format", "pk": 14, "fields": {"format": 1200}}, {"model": "warehouse.paper_format", "pk": 15, "fields": {"format": 900}}, {"model": "warehouse.paper_grammage", "pk": 1, "fields": {"grammage": 110}}, {"model": "warehouse.paper_grammage", "pk": 2, "fields": {"grammage": 115}}, {"model": "warehouse.paper_grammage", "pk": 3, "fields": {"grammage": 120}}, {"model": "warehouse.paper_grammage", "pk": 4, "fields": {"grammage": 125}}, {"model": "warehouse.paper_grammage", "pk": 5, "fields": {"grammage": 135}}, {"model": "warehouse.paper_grammage", "pk": 6, "fields": {"grammage": 140}}, {"model": "warehouse.paper_grammage", "pk": 7, "fields": {"grammage": 150}}, {"model": "warehouse.paper_grammage", "pk": 8, "fields": {"grammage": 130}}, {"model": "warehouse.paper_grammage", "pk": 9, "fields": {"grammage": 160}}, {"model": "warehouse.paper_grammage", "pk": 10, "fields": {"grammage": 100}}, {"model": "warehouse.paper", "pk": 1, "fields": {"paper_type": 1, "grammage": 2, "paper_format": 3, "company": 1}}, {"model": "warehouse.paper", "pk": 2, "fields": {"paper_type": 2, "grammage": 3, "paper_format": 5, "company": 3}}, {"model": "warehouse.paper", "pk": 3, "fields": {"paper_type": 2, "grammage": 4, "paper_format": 5, "company": 7}}, {"model": "warehouse.paper", "pk": 4, "fields": {"paper_type": 2, "grammage": 3, "paper_format": 13, "company": 8}}, {"model": "warehouse.paper", "pk": 5, "fields": {"paper_type": 2, "grammage": 4, "paper_format": 2, "company": 3}}, {"model": "warehouse.paper", "pk": 6, "fields": {"paper_type": 2, "grammage": 8, "paper_format": 13, "company": 9}}, {"model": "warehouse.paper", "pk": 7, "fields": {"paper_type": 2, "grammage": 9, "paper_format": 7, "company": 6}}, {"model": "warehouse.paper", "pk": 8, "fields": {"paper_type": 1, "grammage": 10, "paper_format": 7, "company": 10}}, {"model": "warehouse.paper", "pk": 9, "fields": {"paper_type": 1, "grammage": 10, "paper_format": 14, "company": 10}}, {"model": "warehouse.paper", "pk": 10, "fields": {"paper_type": 1, "grammage": 10, "paper_format": 15, "company": 10}}, {"model": "warehouse.roll", "pk": 1, "fields": {"roll_id": "BK20051", "paper": 1, "initial_weight": 1000, "current_weight": 1000, "income_date": "2020-05-22T06:43:33.531Z"}}, {"model": "warehouse.roll", "pk": 2, "fields": {"roll_id": "BK20053", "paper": 2, "initial_weight": 112, "current_weight": 3212, "income_date": "2020-06-05T05:50:04.935Z"}}, {"model": "warehouse.roll", "pk": 3, "fields": {"roll_id": "NMG1000", "paper": 2, "initial_weight": 1002, "current_weight": 10000, "income_date": "2020-06-05T06:32:58.887Z"}}, {"model": "warehouse.roll", "pk": 4, "fields": {"roll_id": "SRG20051", "paper": 4, "initial_weight": 650, "current_weight": 650, "income_date": "2020-06-08T10:29:32.577Z"}}, {"model": "warehouse.roll", "pk": 5, "fields": {"roll_id": "SRG20052", "paper": 4, "initial_weight": 650, "current_weight": 650, "income_date": "2020-06-08T10:29:32.577Z"}}, {"model": "warehouse.roll", "pk": 6, "fields": {"roll_id": "SRG20053", "paper": 4, "initial_weight": 650, "current_weight": 650, "income_date": "2020-06-08T10:29:32.577Z"}}, {"model": "warehouse.roll", "pk": 7, "fields": {"roll_id": "SRG20054", "paper": 4, "initial_weight": 650, "current_weight": 650, "income_date": "2020-06-08T10:29:32.577Z"}}, {"model": "warehouse.roll", "pk": 8, "fields": {"roll_id": "SRG20055", "paper": 4, "initial_weight": 650, "current_weight": 650, "income_date": "2020-06-08T10:29:32.577Z"}}]